Publication;Authors;Affiliations;Institution;Journal;Citationsadj;Citations;Date;Year;Application;Field;Spatially Resolved/Bulk;Data fusion with other techniques;Multivariate Approach;Experimental mode;Laser type ;Laser manufacturer;Laser model;Laser Wavelength [nm];Laser pulse width ;Laser repetition rate [Hz];Laser energy [mJ];Gate delay [us];Gate width [us];Spectrograph type;Spectrograph manufacturer;Spectrograph model;Detector type;Detector manufacturer;Detector model;Detector array;Nr. spectral points;Detected wavelength start;Detected wavelength end;Wavelenght range [nm];Resolving power;Resolution [nm];Nr. classes;Materials;Classes;Elements of interest (mentioned in the publication);Nr. samples in each class;Nr. samples total;Avg nr. samples per class;Clean-up shots;Nr. accumulated shots per spectrum (if not mentioned automatically 1);Nr. spectra averaged for single spectrum;Nr. spectra per sample;Nr. acquisitions (counting accumulations and averaging in);Nr. total data ;Nr. training data;Nr. test data internal (=measured in the same batch);Nr. test data external;External data type;Background correction;Normalization;Noise removal;Preprocessing;Exploratory data analysis FINAL;Algorithmic transformation of space;Feature selection;Original dimensionality;Final dimensionality;Entire spectrum/features;Feature type;Emissions;Spectral region;Emission lines of interest;Classifiers tried;Classification;Classification details;Model validation;Single shot ;Independent spectra from training set;Model validation mode;External validation type;Model validation;Performance metrics all;Performance metrics conclusion;Performance internal;Performance external ;Performance out-of-class;Validation internal;Validation external;Software;Nr. parameters;Activation function;Regularization
LIPS and linear correlation analysis applied to the classification of Roman pottery Terra Sigillata;López et al., 2006;Dpto. Enxeñaría Industrial II, Universidade da Coruña,  Spain;Universidade da Coruña;Applied Physics A;3;25;09.03.2006;2006;Materials;Ceramics;Bulk;No;Linear Correlation;benchtop;Nd:YAG;Quantel;Brilliant B;355;6 ns;?;?;?;?;monochromator;Oriel;MS257;ICCD;Andor;DH5H7-18F-03;512x512;?;260;340;80;?;?;3;Ceramics;Hispanic, Gaulic, African;Fe, Mg, Si, Al, Ca, Ti;15, 7, 3;25;8.3;?;10;1;5;1250;125;-;-;-;-;-;-;-;-;visual inspection;-;-;?;?;LIBS spectrum;RawInt;-;LIBS spectrum:  ? RawInt (260-340 nm);Fe, Mg, Si, Al, Ca, Ti;Linear correlation;Linear correlation;Linear correlation ;library;no;overlapping;internal;-;library (internal, overlapping);confidence levels;confidence levels;-;-;-;confidence levels: -%;-;Matlab;-;-;-
LIBS for landmine detection and discrimination;Harmon et al., 2006;U.S. Army Research Laboratory, United States;U.S. Army Research Laboratory;Analytical and Bioanalytical Chemistry;7;56;25.05.2006;2006;Forensics/Explosives;Explosives;Bulk;No;Linear Correlation;benchtop, portable;Nd:YAG;Continuum;Surelite;1064;10 ns;?;200;1.5;2000;broadband;Ocean Optics;2000;CCD;Sony;ILX511;2048;?;200;980;780;?;0.1;2;Explosives;mine, non-mine;-;85, 93;178;89;Yes;1;1;1;178;178;-;-;-;-;-;-;-;-;visual inspection;-;-;7800;7800;LIBS spectrum;RawInt;-;LIBS spectrum:  7800 RawInt (200-980 nm);-;Linear correlation;Linear correlation;Linear correlation ;library;yes;independent;internal;-;library (internal, independent);accuracy;accuracy;90;-;-;accuracy: 90%;-;Ocean Optics;-;-;-
Feasibility study of rock identification at the surface of Mars by remote laser-induced breakdown spectroscopy and three chemometric methods;Sirven et al., 2007;CEA Saclay, France;CEA Saclay;Journal of Analytical Atomic Spectrometry;17;132;20.08.2007;2007;Geological samples;Rocks;Bulk;No;PCA, SIMCA, PLS-DA;stand-off;Nd:YAG;Quantel;YG980;1064;?;?;25;0.2;0.5;Echelle;Roper Scientific;PI-Echelle;ICCD;Princeton Instruments;PI-MAX GenII;?;?;280;1000;720;2600;?;6;Rocks;basalt (ES9206), limestone (RJ3), gabbro (OT9101), trachy-andesite (ES9106), trachyte (ES9101), obsidian (LMG Little Mountain Glass);O, Si, Fe, Al, Ca, Mg, Na, Ti, K, Sr, Ba;1, 1, 1, 1, 1, 1;6;1;No;400;1;50;120000;300;180;120;-;-;-;NormIS (O: 777.2 nm);-;NormIS (O 777.2);PCA;-;-;8421;8421;LIBS spectrum;RawInt;-;LIBS spectrum:  8421 RawInt (280-1000 nm);O, Si, Fe, Al, Ca, Mg, Na, Ti, K, Sr, Ba;SIMCA, PLS-DA;SIMCA+PLS/DA;SIMCA+PLS/DA;cross-validation, test set;no;independent;internal + external;;cross-validation, test set (internal + external, independent);sensitivity, robustness;sensitivity, robustness;97;-;-;sensitivity, robustness: 97%;-;Matlab;-;-;-
Double pulse laser-induced breakdown spectroscopy of explosives: Initial study towards improved discrimination;De Lucia et al., 2007;U.S. Army Research Laboratory, United States;U.S. Army Research Laboratory;Spectrochimica Acta Part B: Atomic Spectroscopy;12;96;01.12.2007;2007;Forensics/Explosives;Explosives;Bulk;No;PCA, Ratios;benchtop;Nd:YAG;Continuum;Surelite;?;?;?;320;2;100;Echelle;Catalina Scientific;?;ICCD;Apogee;?;?;?;198;1050;852;?;?;2;Explosives;explosive (RDX, Comp-B), non-explosive (diesel fuel);C, O, H, N, CN;3, 1;4;2;No;1;?;?;?;?;?;?;-;-;-;NormArea (C + C2 + CN+ H + N+ O + Ca + Na + K);-;NormArea (C + C2 + CN+ H + N+ O + Ca + Na + K);visual inspection;-;domain knowledge;?;5;Features;IntRatio;O/C, O/H, N/C, N/H, O/N;Features:  5 IntRatio (O/C, O/H, N/C, N/H, O/N);C, O, H, N, CN;Ratios, PCA, PLS-DA;PCA;PCA (PC1 score);?;no;?;-;-;? (-, ?);ROC;ROC;-;-;-;ROC;-;?;-;-;-
Application of artificial neural networks for the rapid classification of archaeological ceramics by means of laser induced breakdown spectroscopy (LIBS);Ramil et al., 2008;Dpto. Enxeñaría Industrial II, Universidade da Coruña, Spain;Universidade da Coruña;Applied Physics A;11;84;01.04.2008;2008;Materials;Ceramics;Bulk;No;ANN;benchtop;Nd:YAG;Quantel;Brilliant B;355;6 ns;?;?;?;?;monochromator;Oriel;MS257;ICCD;Andor;DH5H7-18F-03;512x512;?;260;340;80;?;0.15625;3;Ceramics;Hispanic, Gaulic, African;Fe, Mg, Si, Al, Ca, Ti;24, 6, 6;36;12;No;1;1;10;360;360;30;36;-;-;-;NormArea;-;NormArea, MeanCen;visual inspection;-;-;512;512;LIBS spectrum;RawInt;-;LIBS spectrum:  512 RawInt (260-340 nm);Fe, Mg, Si, Al, Ca, Ti;ANN;ANN;MLP (512,25,3);test set;yes;overlapping;internal;-;test set (internal, overlapping);accuracy;accuracy;100;-;-;accuracy: 100%;-;Matlab;"12877; 62";log-sigmoid;A, M, ES
Multivariate analysis of standoff laser-induced breakdown spectroscopy spectra for classification of explosive-containing residues;De Lucia et al., 2008;U.S. Army Research Laboratory, United States;U.S. Army Research Laboratory;Applied Optics;14;112;16.09.2008;2008;Forensics/Explosives;Explosives;Bulk;No;PCA, PLS-DA;portable;Nd:YAG;Quantel;Brilliant B;355;5 ns;?;335;2;100;broadband;Ocean Optics;?;CCD;Sony;?;?;?;190;840;650;?;?;2;Explosives;explosive (RDX, Comp-B, TNT), non-explosive;C, C2, CN, H, N, O, Ca, Na, K;10, 8;18;9;No;1;1;?;?;1111;?;?;?;?;BckgCorr;Norm;-;BckgCorr, Norm;PCA;-;domain knowledge;?;29;Features;20 PeakRatios, 9 PeakAreas;-;Features:  20 PeakRatios, 9 PeakAreas (190-840 nm);C, C2, CN, H, N, O, Ca, Na, K;PLS-DA;PLS-DA;PLS-DA (16 LVs);cross-validation, test set;yes;?;internal;-;cross-validation, test set (internal, ?);accuracy;accuracy;80;-;-;accuracy: 80%;-;Matlab;-;-;-
Classification of Brazilian soils by using LIBS and variable selection in the wavelet domain;Pontes et al., 2009;Universidade Federal da Paraíba, Brasil;Universidade Federal da Paraíba;Analytica Chimica Acta;14;110;29.05.2009;2009;Soil;Soil;Bulk;No;SNV, SIMCA, PCA;benchtop;Nd:YAG;Quantel;?;1064;6 ns;?;110;0.5;10;Echelle;Andor;Mechelle 5000;ICCD;Andor;DH734 ;1024x1024;26624;200;990;790;?;?;3;Soil;Argissolo, Latossolo, Nitossolo;-;46, 84, 19;149;49.7;No;1;30;1;4470;149;99;50;-;-;-;NormSNV;WT;NormSNV;PCA;WT;WT-GA/SW/SPA;26624;5;Features;Wavelets;-;Features:  5 Wavelets (200-990 nm);-;LDA;LDA; SPA–LDA (5 WT features);cross-validation, test set;no;independent;internal;-;cross-validation, test set (internal, independent);accuracy;accuracy;90;-;-;accuracy: 90%;-;Matlab;-;-;-
LIBS analysis of geomaterials: Geochemical fingerprinting for the rapid analysis and discrimination of minerals;Harmon et al., 2009;U.S. Army Research Laboratory, United States;U.S. Army Research Laboratory;Applied Geochemistry;18;143;01.06.2009;2009;Geological samples;Minerals;Bulk;No;Linear Correlation;benchtop;Nd:YAG;Quantel;Big Sky;1064;2-10 ns;?;30-140;1.5;2000;broadband;Ocean Optics;2000;CCD;Sony;ILX511;2048;13500;200;965;765;?;0.1;7;Minerals;metals, mixed mineral set, pyroxenes, feldspars, carbonates, beryls, combined mineral group;-;8, 9, 5, 8, 13, 15, 40;98;14;No;1;1;Mai.40;910;910;-;-;-;-;-;-;weighting (MaxVar);-;visual inspection;-;weighting (MaxVar);13500;13500;LIBS spectrum;RawInt;-;LIBS spectrum:  13500 RawInt (200-965 nm);C, Au, In, Pb, Mg, Mo, Ni, Ag;Correlation;Maximum correlation;MV-MC;library;yes;?;internal;-;library (internal, ?);contingency table, accuracy;accuracy;85;-;-;accuracy: 85%;;Ocean Optics;-;-;-
Preliminary evaluation of laser-induced breakdown spectroscopy for tissue classification;Yueh et al., 2009;Institute for Clean Energy Technology, Mississippi State University, United States;Mississippi State University;Spectrochimica Acta Part B: Atomic Spectroscopy;10;81;01.10.2009;2009;Biological/Life Science;Tissue;Bulk;No;PCA, HCA, DFA, PLS-DA, ANN;benchtop;Nd:YAG;Continuum;Surelite;?;?;?;5;1;5;Echelle;LLA Instruments ;ESA3000;ICCD;Kodak;KAF-1001;1024x1024;53151;200;780;580;?;?;6;Tissue;muscle, kidney, liver, lung, spleen, brain;Ca, Al, Fe, Cu, Na, Zn, Cr, Mg, K, P, C, Li, Ni, Mo, Sn, Sc;20, 10, 10, 10, 16, 19;85;14.2;No;10;20;10;170000;850;410;-;440;newly prepared sample batch;-;NormIS (Ca: 422.6 nm);-;NormIS (Ca: 422.6 nm);PCA, HCA;-;domain knowledge;53151;21;Features;PeakAreas;-;Features:  21 PeakAreas (200-780 nm);Ca, Al, Fe, Cu, Na, Zn, Cr, Mg, K, P, C, Li, Ni, Mo, Sn, Sc;PLS-DA, ANN;PLS-DA;PLS-DA (10 LVs);cross-validation, test set;no;independent;external;newly prepared sample batch;cross-validation, test set (external, independent);contingency table;accuracy;-;60;-;-;accuracy: 60%;Matlab, GRAMS/AI, NeuralWare;;;
Multivariate analysis of laser-induced breakdown spectroscopy chemical signatures for geomaterial classification;Gottfried et al., 2009;U.S. Army Research Laboratory, United States;U.S. Army Research Laboratory;Spectrochimica Acta Part B: Atomic Spectroscopy;19;148;01.10.2009;2009;Geological samples;Geomaterials;Bulk;No;PCA, PLS-DA;benchtop, stand-off;Nd:YAG;multiple setups;multiple setups;multiple setups;multiple setups;?;multiple setups;multiple setups;multiple setups;multiple setups;multiple setups;multiple setups;multiple setups;multiple setups;multiple setups;multiple setups;multiple setups;multiple setups;multiple setups;multiple setups;?;multiple setups;multiple experiments;Geomaterials;multiple experiments;Cu, Cs, Mn, Pb, Ti, Zn, Si, O, Al, Na, K, Ca, Mg, Fe;multiple experiments;multiple experiments;multiple experiments;No;multiple experiments;multiple experiments;multiple experiments;7600;7600;-;multiple experiments;multiple experiments;multiple experiments;multiple experiments;multiple experiments;multiple experiments;multiple experiments;multiple experiments;multiple experiments;multiple experiments;multiple experiments;multiple experiments;multiple experiments;multiple experiments;multiple experiments;multiple experiments;Cu, Cs, Mn, Pb, Ti, Zn, Si, O, Al, Na, K, Ca, Mg, Fe;PLS-DA;PLS-DA;PLS-DA (multiple experiments);multiple experiments;multiple experiments;multiple experiments;multiple experiments;multiple experiments;multiple experiments;multiple experiments;multiple experiments;multiple experiments;multiple experiments;-;multiple experiments;multiple experiments;?;;;
Identification of Polymer Materials Using Laser-Induced Breakdown Spectroscopy Combined with Artificial Neural Networks;Boueri et al., 2010;Université de Lyon, France;Université de Lyon;Applied Spectroscopy;12;96;30.11.2010;2010;Polymers;Polymers;Bulk;No;ANN;benchtop;Nd:YAG;Ref;Ref;266;5 ns;10;23;0.5;1;Echelle;Andor;Mechelle;ICCD;Andor;iStar;?;?;240;820;580;5000;?;8;Polymers;polypropylene (PP), polyvinyl chloride (PVC), polytetrafluoroethylene (PTFE), polyoxymethylene (POM), polyethylene (PE), polyamide or nylon (PA), polycarbonate (PC), poly(methyl methacrylate) (PMMA);C, Mg, Ti, CN, Ca, Na, H, F, Cl, N, K, O;1, 1, 1, 1, 1, 1, 1, 1;8;1;No;10;1;200;16000;1600;800;-;800;re-measurement (7 days);-;NormIS (C: 247.9 nm);-;NormIS (C: 247.9 nm);visual inspection;-;domain knowledge, wrapper (ANN);?;13;Features;ElemInt;C, Mg, Ti, CN, Ca, Na, H, F, Cl, N, K, O;Features:  13 ElemInt (C, Mg, Ti, CN, Ca, Na, H, F, Cl, N, K, O);C, Mg, Ti, CN, Ca, Na, H, F, Cl, N, K, O;ANN;ANN;MLP (13,25,8);test set;yes;independent;external;re-measurement (7 days);test set (external, independent);contingency table;accuracy;-;81-100;-;-;accuracy: 81-100%;;;;
Identification of polymers by libs using methods of correlation and normalized coordinates;Lasheras et al., 2010;Laser Laboratory and Environment, Department of Analytical Chemistry, University of Zaragoza, Spain;University of Zaragoza;Polymer Testing;6;44;40513;2010;Polymers;Polymers;Bulk;No;Correlation;benchtop;Nd:YAG;Quantel;Ultra CFR;1064;7.7 ns;?;10;?;?;dual-channel;Ocean Optics;SD2000;CCD;?;?;2048;?;200;850;650;?;?;9;Polymers;polyethylene (PE), polypropylene (PP), polystyrene (PS), polyethylene terephthalate (PET), poly-vinyl chloride (PVC), polytetrafluoroethene (PTFE), nylon, cellulose, rubber;N, O, H, C2, CN, Na;2, 1, 1, 1, 1, 1, 1, 1;11;1.222222222;No;1;15;1;165;11;-;-;-;-;-;-;-;-;visual inspection;-;-;2048;2048;LIBS spectrum;RawInt;-;LIBS spectrum:  2048 RawInt (200-850 nm);CN, H, N, O, Na, C2;Correlation (linear, rank, MVC);Linear correlation;Linear correlation ;library;no;?;internal;-;library (internal, ?);;accuracy;100;-;No;accuracy: 100%;-;Visual Basic;;;
Characterization and forensic analysis of soil samples using laser-induced breakdown spectroscopy (LIBS);Jantzi et al., 2011;Department of Chemistry and Biochemistry and International Forensic Research Institute, Florida International University, United States;Florida International University;Analytical and Bioanalytical Chemistry;9;74;40635;2011;Soil;Soil;;No;ANOVA, LDA, PCA;benchtop;Nd:YAG;New Wave;Fremont;266;? ns;?;29;2;150;Echelle;Andor;Mechelle;ICCD;Andor;iStar;1024x1024;?;200;950;750;?;?;5;Soil;SE of Florida City,  Sweetwater, Canal C6, Krome North Tower, Homestead Airport ;-;36;180;36;Yes;75;1;5;67500;?;?;?;-;-;BckgCorr;NormIS (Sc II 361.4 nm);-;BckgCorr,  NormIS (Sc II 361.4 nm);PCA;-;domain knowledge, filter (discrimination power);?;5;Features;IntRatios;Sr/Ti, Ba/Mg, Ca/Mg, Fe/Mg, Li/Mg;Features:  5 IntRatios (Sr/Ti, Ba/Mg, Ca/Mg, Fe/Mg, Li/Mg);-;ANOVA, LDA, PCA;LDA;LDA (? LVs);cross-validation;no;independent;internal;-;cross-validation (LOOCV);;accuracy;99.4;-;No;accuracy: 99.4%;-;Systat;;;
Laser-induced breakdown spectroscopy for polymer identification;Grégoire et al., 2011;Laboratoire de Recherche des Monuments Historiques, Mnistry of Culture, France;Mnistry of Culture France;Analytical and Bioanalytical Chemistry;11;89;40638;2011;Polymers;Polymers;Bulk;No;Ratios, PCA, PLS-DA;benchtop;Nd:YAG;Quantel;Brio;266;5 ns;20;10;0.2;1;Echelle;Andor;Mechelle;ICCD;Andor;iStar;?;?;200;975;775;4700;?;14;Polymers;polyethylene (PE), polypropylene (PP), polyoxymethylene, (POM), poly(vinyl chloride) (PVC), polytetrafluoroethylene (PTF), polyoxyethylene (POE), polyamide (PA), poly(butylene terephthalate) (PBT), acrylonitrile–butadiene–styrene (PBS), polystyrene (PS), polycarbonate (PC);C2, CN, C, O, N, H;4,12,2,5,1,15,1,3,15,5,3,2;68;4.857142857;No;20;25;5;170000;340;-;-;-;-;-;-;-;-;visual inspection, PCA;-;domain knowledge;?;6;Features;PeakInt;C, H, O, N, CN, C2;Features:  6 PeakInt (200-975 nm);C2, CN, C, O, N, H;Ratios, PCA, PLS-DA;PLS-DA;PLS-DA (PE vs PP);test set;no;independent;internal;-;test set (internal, independent);;-;-;-;No;-;-;Unscrambler;;;
Detection of explosives in traces by laser induced breakdown spectroscopy: Differences from organic interferents and conditions for a correct classification;Lazic et al., 2011;National Agency for New Technologies, Energy and Sustainable Economic Development, Italy;ENEA;Spectrochimica Acta Part B: Atomic Spectroscopy;4;35;40763;2011;Forensics/Explosives;Explosives;Bulk;No;Ratios;benchtop;Nd:YAG;Quantel;Ultra 50;1064;8 ns;1;50;?;?;broadband;StellarNet;?;PDA;?;?;2048;?;200;800;600;?;0.1;10;Explosives;EGDN, NG, RDX, TNT, DNT, PETN, HMX, TETRYL, TATP, Diesel oil, Paraffin waf, Hand cream;C, CN, C2, H, O, N, Al;exploratory study;exploratory study;exploratory study;exploratory study;exploratory study;exploratory study;exploratory study;exploratory study;exploratory study;exploratory study;exploratory study;exploratory study;exploratory study;-;exploratory study;exploratory study;exploratory study;exploratory study;exploratory study;exploratory study;exploratory study;exploratory study;exploratory study;exploratory study;exploratory study;exploratory study;exploratory study;exploratory study;exploratory study;exploratory study;exploratory study;-;exploratory study;exploratory study;-;exploratory study;exploratory study;exploratory study;exploratory study;exploratory study;exploratory study;exploratory study;exploratory study;;;;
Multivariate classification of pigments and inks using combined Raman spectroscopy and LIBS;Hoehse et al., 2011;BAM Federal Institute for Materials Research and Testing, Germany;BAM;Analytical and Bioanalytical Chemistry;14;111;40771;2011;Forensics/Explosives;Pigments and Inks;Bulk;Raman;PCA, SIMCA, PLS-DA, SVM;benchtop;Nd:YAG;Continuum;Surelite;1064;?;?;?;?;?;Echelle;LTB;Aryelle Butterfly;?;?;?;?;?;290;930;640;?;?;10;Pigments and Inks;?;Cu, Ti;10;10;1;No;50;1;10;5000;1200;-;-;-;-;BckgCorr;NormSNV;-;BckgCorr,  NormSNV;visual inspection, PCA;-;-;?;?;LIBS-RAMAN;RawInt;-;LIBS-RAMAN: ? RawInt (290-930 nm, 1797-2432 cm-1);Cu, Ti;PCA, SIMCA, PLS-DA, SVM;SIMCA+PLS/DA;SIMCA+PLS/DA (LIBS+Raman);cross-validation;no;independent;internal;-;cross-validation (internal, independent);;accuracy;-;-;No;accuracy: -%;accuracy: -%;Unscrambler;;;
Classification of explosive residues on organic substrates using laser induced breakdown spectroscopy;De Lucia et al., 2011;U.S. Army Research Laboratory, United States;U.S. Army Research Laboratory;Applied Optics;5;43;40858;2011;Forensics/Explosives;Explosives;Bulk;No;PLS-DA;stand-off;Nd:YAG;Quantel;Brilliant Twins;1064;5 ns;10;250;?;0.8;3-channel;Ocean Optics;?;CCD;?;?;?;?;190;840;650;?;?;2;Explosives;explosive (RDX, TNT, Comp-B), non-explosive (substrate, lubricant oil, dust, fingerprint oil, sand, diesel fuel);C2, CN, C, O, N, H;-;27;13.5;No;1;1;?;?;0;414;-;3800;new samples;-;-;-;Norm (feature-specific);visual inspection;-;domain knowledge;8000;132;Features;PeakRatios, PeakAreas;-;Features:  132 PeakRatios, PeakAreas (C, C2, CN, H, O, N);C2, CN, C, O, N, H;PLS-DA;PLS-DA;PLS-DA;test set;yes;independent;external;additional samples;test set (external, independent);;TPR;-;98;Yes;TPR: -%;TPR: 98%;Matlab;;;
Laser-induced breakdown spectroscopy-based investigation and classification of pharmaceutical tablets using multivariate chemometric analysis;Myakalwar et al., 2011;ACRHEM, University of Hyderabad, India;ACRHEM;Talanta;14;111;40892;2011;Biological/Life Science;Pharmaceutical tablets;;No;PCA, SIMCA, ;benchtop;Nd:YAG;?;?;532;7 ns;10;25;0.5;1;Echelle;Andor;Mechelle 5000;ICCD;Andor;iStar;?;25505;200;1000;800;5000;?;6;Pharmaceutical Samples;Brufen, Brufen-coated, Glucosamine, Glucosamine-coated, Vitamin C, Paracetamol;C, Fe, Mn, Na, Vn, O, N, H, Mg, Ti, Ca;10;60;10;No;1;10;2;1200;85;55;30;-;-;-;-;-;-;visual inspection, PCA;-;-;25505;25505;LIBS spectrum;RawInt;-;LIBS spectrum:  25505 RawInt (200-1000 nm);C, Fe, Mn, Na, Vn, O, N, H, Mg, Ti, Ca;PCA, SIMCA;SIMCA;SIMCA ;test set;no;independent;internal;-;test set (internal, independent);;accuracy;90.4;-;No;accuracy: 90.4%;-;Matlab;;;
Incorporation of Support Vector Machines in the LIBS Toolbox for Sensitive and Robust Classification Amidst Unexpected Sample and System Variability;Dingari et al., 2012;Laser Biomedical Research Center, MIT, United States;MIT;Analytical Chemistry;12;97;40939;2012;Biological/Life Science;Pharmaceutical Samples;Bulk;No;SVM, SIMCA, PLS-DA;benchtop;Nd:YAG;?;?;532;7 ns;10;25;0.5;1;Echelle;Andor;Mechelle 5000;ICCD;Andor;iStar;?;?;200;1000;800;5000;?;6;Pharmaceutical Samples;Brufen, Brufen-coated, Glucosamine, Glucosamine-coated, Vitamin C, Paracetamol;-;10;60;10;No;1;10;2;1200;85;55;30;-;-;-;-;-;-;visual inspection, PCA;-;-;25505;25505;LIBS spectrum;RawInt;-;LIBS spectrum:  25505 RawInt (200-1000 nm);-;SVM, SIMCA, PLS-DA;SVM;SVM (RBF);cross-validation, test set;no;independent;internal;-;cross-validation, test set (internal, independent);;accuracy;96;-;No;accuracy: 96%;-;Matlab;;;
Feasibility of Laser-Induced Breakdown Spectroscopy (LIBS) for Classification of Sea Salts;Tan et al., 2012;Department of Chemistry, Mokpo National University, Korea;Mokpo National University;Applied Spectroscopy;4;33;40969;2012;Foodstuff;Salts;Bulk;No;PLS-DA;benchtop;Nd:YAG;Quantel;Brilliant B;532;8 ns;10;?;1;5;Czerny-Turner;Dongwoo Optron;DM-500i;ICCD;Andor;iStar;1024x512;?;760;800;40;?;?;11;Salts;Korea (5), China (2), Japan (2), France (2);K, Mg, Ca, Al, CN;-;11;1;No;1000;1;12;132000;133;-;-;-;-;-;NormIS (CN band);-;NormIS (CN band);visual inspection, PCA;PCA;domain knowledge, PCA;?;3;Features;PC;Mg, Ca, Al;Features:  5 PC (760-800 nm);K, Mg, Ca, Al, CN;PLS-DA;PLS-DA;PLS-DA (5 PCs);cross-validation;no;independent;internal;-;cross-validation (internal, independent);;accuracy;85;-;No;accuracy: 85%;-;?;;;
Discrimination of polymers by laser induced breakdown spectroscopy together with the DFA method;Banaee et al., 2012;Laser and Plasma Research Institute, Shahid Beheshti University, Iran;Laser and Plasma Research Institute, Beheshti University,;Polymer Testing;6;48;41153;2012;Polymers;Polymers;Bulk;No;DFA;benchtop;Nd:YAG;?;?;1064;?;10;30;0.5;20;broadband;?;?;ICCD;?;?;?;?;200;900;700;?;?;6;Polymers;"polyethylene terephthalate
(PET), high density polyethylene (HDPE), polyvinyl chloride
(PVC), low density polyethylene (LDPE), polypropylene (PP)
and polystyrene (PS";Cl, C, C2, CN, O, N;-;6;1;No;50;1;50;15000;300;299;1;-;-;BckgCorr;-;-;BckgCorr;visual inspection;-;domain knowledge, wrapper (DFA);?;10;Features;IntRatios;Cl/C, C2/C, H/C, O/C, CN/C, N/C, CN/C, N/C, N/O, C2/C;Features:  10 IntRatios (Cl/C, C2/C, H/C, O/C, CN/C, N/C, CN/C, N/C, N/O, C2/C);Cl, C, C2, CN, O, N;DFA;DFA;DFA ;cross-validation;no;overlapping;internal;-;cross-validation (internal, overlapping);;accuracy;99;-;No;accuracy: 99%;-;SPSS;;;
Analytical predictive capabilities of Laser Induced Breakdown Spectroscopy (LIBS) with Principal Component Analysis (PCA) for plastic classification;Unnikrishnan et al., 2013;Centre for Atomic and Molecular Physics, Manipal University, India;Manipal University;RSC Advances;12;94;41565;2013;Polymers;Polymers;Blulk;No;PCA;benchtop;Nd:YAG;Spectra-Physics;Quanta-Ray PRO-230-10;355;?;?;?;0.7;6;Echelle;Andor;Mechelle 5000;ICCD;Andor;iStar;?;?;200;975;775;?;0.05;4;Polymers;"polyethylene terephthalate (PET), high-density polyethylene (PE), polypropylene (PP)
and polystyrene (PS)";C2, CN, C, O, N, H;1;4;1;No;15;1;30;1800;120;60;60;-;-;-;-;-;Fourier smoothing;visual inspection, PCA;-;domain knowledge;?;?;LIBS spectrum;RawInt;-;LIBS spectrum:  ? RawInt (245-260 nm, 375-390 nm, 485-50 nm);C2, CN, C, O, N, H;PCA, M-distance;PCA, M-distance;PCA, M-distance;test set;no;independent;internal;-;test set (internal, independent);;sensitivity, specificity, predictive values, accuracy;-;-;No;sensitivity, specificity, predictive values, accuracy: -%;sensitivity, specificity, predictive values, accuracy: -%;GRAMS;;;
Classification of steel materials by laser-induced breakdown spectroscopy coupled with support vector machines;Liang et al., 2014;College of Chemistry and Materials Science, Northwest University, China;Northwest University;Applied Optics;6;51;41662;2014;Materials;Steel;Bulk;No;SVM;benchtop;Nd:YAG;LOTIS;TII2131;1064;?;10;61;1.5;?;Echelle;LTB;Aryelle 150;CCD;Qimaging;?;1004x1002;?;220;800;580;?;?;9;Steel;"20 (Φ20 × 900 mm), 20Cr (Φ20 ×
900 mm), 20CrMnTi (Φ30 × 900 mm), 20CrMo (Φ20×
900 mm), 20CrNiMo (Φ20 × 900 mm), 35 (Φ20 ×
900 mm), 35CrMo (Φ20 × 900 mm), 40Cr (Φ20 ×
900 mm), 42CrMo (Φ25 × 900 mm
900 mm), 20CrMnTi (Φ30 × 900 mm), 20CrMo (Φ20×
900 mm), 20CrNiMo (Φ20 × 900 mm), 35 (Φ20 ×
900 mm), 35CrMo (Φ20 × 900 mm), 40Cr (Φ20 ×
900 mm), 42CrMo (Φ25 × 900 mm)";C, S, Si, Mn, P, Cr, Ni, Mo, Ti, Cu;-;27;3;No;20;5;20;54000;540;360;180;-;-;-;-;-;-;visual inspection;-;-;?;?;LIBS spectrum;RawInt;-;LIBS spectrum:  ? RawInt (220-800 nm);C, S, Si, Mn, P, Cr, Ni, Mo, Ti, Cu;SVM;SVM;SVM (polynomial kernel);test set;no;independent;internal;-;test set (internal, independent);;accuracy;92.78;-;No;accuracy: 92.78%;-;Matlab;;;
Accuracy improvement on polymer identification using laser-induced breakdown spectroscopy with adjusting spectral weightings;Guo et al., 2014;Wuhan National Laboratory for Optoelectronics (WNLO), Huazhong University of Science and Technology, China;Huazhong University of Science and Technology;Optics Express;6;51;41682;2014;Polymers;Polymers;Laterally resolved;No;PCA, SVM, ASW;benchtop;Nd:YAG;?;?;532;ns;10;44;1;1.1;Echelle;?;?;ICCD;Andor;iStar;?;?;200;950;750;5000;?;9;Polymers;polytetrafluoroethylene (PTFE), polyurethane (PU), polysytrene (PS), polycarbonate (PC), polyvinyl chloride (PVC), acrylonitrile-butadiene-styrene (ABS), plexiglass (PMMA), polyamide (PA), polypropylene (PP), polyethylene (PE), polyoxymethylene (POM);C, H, O, N, Mg, Ti, Ca, Al, K, Na, Cl, F, CN, C2;-;11;1.222222222;Yes;30;1;100;33000;1100;550;550;-;-;-;NormIS (C: 247.9 nm);-;NormIS (C: 247.9 nm);-;-;weighting (PCA);?;?;LIBS spectrum;RawIntWght;-;LIBS spectrum:  ? RawIntWght (200-950 nm);C, H, O, N, Mg, Ti, Ca, Al, K, Na, Cl, F, CN, C2;SVM;SVM;SVM (RBF);test set;no;independent;internal;-;test set (internal, independent);;accuracy;100;-;No;accuracy: 100%;accuracy: -%;Matlab;;;
Reliable classification of moving waste materials with LIBS in concrete recycling;Xia et al., 2014;Faculty of Civil Engineering and Geosciences, Delft University of Technology,  Netherlands;Delft University of Technology;Talanta;5;37;41699;2014;Materials;Concrete;Bulk;No;PCA, PLS-DA;benchtop + conveyor belt;Nd:YAG;Quantel;Centurion;1064;6.9;100;25.7;?;10;Czerny-Turner;?;?;CCD;?;?;3648;?;250;800;550;?;0.32;8;Concrete;cement (CEM I 42.5 R HS, CEM II/B-S 52.5 N, CEM III/B 32.5 N), brick (yellow, brown and red), gypsum block (white, blue and red), wood (pine, ash and walnut), PVC plastic (grey, black pipe and grey hard plate), glass (white, green and brown), aggregate (sandstone and gabbro), steel rebar;Cl, CaCl, CN, Ca, H, O, N, Ca, Si, Ba, Fe, Al, Mg, Na;-;240;30;No;1;10;3;7200;720;576;144;-;-;-;NormArea;-;NormArea, MeanCen;visual inspection;-;-;3648;3648;LIBS spectrum;RawInt;-;LIBS spectrum:  3648 RawInt (250-800 nm);Cl, CaCl, CN, Ca, H, O, N, Ca, Si, Ba, Fe, Al, Mg, Na;PCA-Adaboost, PLS-DA;PLS-DA;PLS-DA (15 LVs);cross-validation, test set;yes;independent;internal;-;cross-validation, test set (internal, independent);;accuracy;99.72;-;No;accuracy: 99.72%;accuracy: -%;Matlab;;;
Classification of vegetable oils based on their concentration of saturated fatty acids using laser induced breakdown spectroscopy (LIBS);Kongbonga et al., 2013;Laboratory of Spectroscopy of Atomic Molecular and Applications – LSAMA, Faculty of Sciences of Tunis, University of Tunis, Tunisia;University of Tunis;Food Chemistry;7;54;41546;2013;Foodstuff;Vegetable Oils;Bulk;No;Ratios;benchtop;Nd:YAG;Quantel;Brilliant;532;4 ns;2;30;1;10;monochromator;Jobin Yvon;THR 1500;ICCD;Andor;DH520-25F-03;?;?;?;?;?;?;?;3;Vegetable Oils;palm oil (50% saturated FA), olive oil (14% saturated FA), sunflower oil (13% saturated FA);C, CN, C2;-;8;2.666666667;No;50;5;1;2000;8;-;-;-;-;-;-;-;-;visual inspection;-;-;?;1;Features;IntRatio;C/C2;Features:  1 IntRatio (C/C2);C, CN, C2;ANOVA;ANOVA;ANOVA;-;no;-;-;-;-;;-;-;-;No;-;-;LIFBASE;;;
Assessment and forensic application of laser-induced breakdown spectroscopy (LIBS) for the discrimination of Australian window glass;El-Deftar et al., 2014;National Centre for Forensic Studies, University of Canberra, Australia;University of Canberra;Forensic Science International;4;30;41758;2014;Forensics/Explosives;Window glass;Bulk;No;Ratios, ANOVA;benchtop;Nd:YAG;BigSky;Dunedin;1064;7 ns;10;140;1.8;?;?;?;?;CCD;?;?;?;?;250;330;80;?;?;2;Window glass;;Al, Ba, Ca, Fe, K, Mg, Na, Si, Sr, Ti, Th, Zr;-;35;17.5;Yes;100;10;1;35000;35;-;-;-;-;-;-;-;-;visual inspection;-;-;?;11;Features;IntRatio;Al/Ca, Al/Ti, Fe/Al, Ba/Sr, Ti/Sr, Al/Sr, Si/Al, Na/Ti, Na/K, Ba/Ca, Sr/Zr;Features:  11 IntRatio (Al/Ca, Al/Ti, Fe/Al, Ba/Sr, Ti/Sr, Al/Sr, Si/Al, Na/Ti, Na/K, Ba/Ca, Sr/Zr);Al, Ba, Ca, Fe, K, Mg, Na, Si, Sr, Ti, Th, Zr;ANOVA;ANOVA;ANOVA;-;no;-;-;-;-;;discriminative power;97;-;No;discriminative power: 97%;-;?;;;
Comparative study on fast classification of brick samples by combination of principal component analysis and linear discriminant analysis using stand-off and table-top laser-induced breakdown spectroscopy;Vítková et al., 2014;Central European Institute of Technology, Brno University of Technology, Czech Republic;CEITEC;Spectrochimica Acta Part B: Atomic Spectroscopy;6;46;41944;2014;Materials;Bricks;Bulk;No;PCA, LDA;benchtop + stand-off;Nd:YAG;Solar Laser Systems;LQ 916;532;?;1;135;0.9;15;Echelle;Andor;Mechelle 5000;ICCD;Andor;iStar;?;?;200;1000;800;4000;?;7;Bricks;"Localities: Šlapanice, Hranice na Moravě, Tallinn, Skalka u Velimi, Těšetice,
Strážovice, Pohansko";-;-;29;4.142857143;Yes;10;10;1;2900;29;22;-;7;additional samples;-;-;-;-;PCA;PCA;PCA;?;5;Features;PCs;-;Features:  5 PCs (200-1000 nm);-;PCA, LDA;LDA;LDA (5 PCs);test set;no;independent;external;different samples from the same class;test set (external, independent);;accuracy;-;86;Yes;-;accuracy: 86%;R;;;
Classification of iron ores by laser-induced breakdown spectroscopy (LIBS) combined with random forest (RF);Sheng et al., 2014;Institute of Analytical Science, College of Chemistry & Materials Science, Northwest University,China;Northwest University ;Journal of Analytical Atomic Spectrometry;7;59;41975;2014;Geological samples;Iron Ores;Bulk;No;RF, SVM;benchtop + stand-off;Nd:YAG;Litron;NANOSG120-20;1064;10 ns;5;21;1.8;1050;3-channel;AvaSpec;Avantes;CCD;?;?;?;?;200;940;740;?;0.15;10;Iron Ores;H140115-014, H140122-036,H140121-041,H140115-042,H140123-065-PT,H140122-073-PT, H140123-080-PT, H140119-092, H140123-097-PT, H140118-080;Fe,Si, Ti, Mn, V, P, Ca, Mg, Al;-;10;1;No;20;5;30;30000;300;200;100;-;-;-;-;-;-;visual inspection;-;-;?;?;LIBS spectrum;RawInt;-;LIBS spectrum:  ? RawInt (200-940 nm);Fe,Si, Ti, Mn, V, P, Ca, Mg, Al;RF, SVM;RF;RF (72 trees);cross-validation, test set;no;independent;internal;-;cross-validation, test set (internal, independent);;accuracy;100;-;No;accuracy: 100%;-;Matlab;;;
Quantitative and classification analysis of slag samples by laser induced breakdown spectroscopy (LIBS) coupled with support vector machine (SVM) and partial least square (PLS) methods;Zhang et al., 2014;Institute of Analytical Science, School of Chemistry & Material Science, Northwest University, China;Northwest University ;Journal of Analytical Atomic Spectrometry;10;80;41982;2014;Materials;Slag;Bulk;No;SVM;benchtop;Nd:YAG;Ref;Ref;1064;10 ns;5;80;1.5;2000;Echelle;LTB;Aryelle 400;CCD;Qimaging;?; 1004 × 1002;?;220;800;580;?;?;2;Slag;open-hearth furnace slag (GSBH42011-94), high titanium slag (YS/T 298-2007));Fe, Si, Ti, Ca, Mg, Mn, Al;10, 10;20;10;No;50;1;20;20000;400;280;120;-;-;-;-;-;-;visual inspection;-;-;?;28;Features;RawInt;Ca, Si, Al, Mg, Fe, Mn, Ti;Features:  28 RawInt (220-800 nm);Fe, Si, Ti, Ca, Mg, Mn, Al;PLS-DA;PLS-DA;PLS-DA;test set;no;independent;internal;;test set (internal, independent);;accuracy;100;-;No;accuracy: 100%;-;Matlab;;;
Rock and soil classification using PLS-DA and SVM combined with a laser-induced breakdown spectroscopy Library;Yang et al., 2015;College of Instrumentation and Electrical Engineering, Jilin University, China;Jilin University;Plasma Science and Technology;4;34;42115;2015;Geological samples;Rock;Bulk;No;PLS-DA, SVM;benchtop;Nd:YAG;Litron;NANO SG120-20;1064;10 ns;5;90;1.5;?;Echelle;LTB;Aryelle 400;CCD;Qimaging;Rolera-EMC; 1004 × 1002;38007;200;600;400;10000;0.04;13;Rock, Soil;"rock: andesite (GBW07104(GSR-2)), basalt (GBW07105(GSR3)), shale (GBW07107(GSR-5)), argillaceous limestone (GBW07108(GSR-6)), carbonate (GBW07135)
and mudstone (GBW(E)070040); soil:
chestnut soil (GBW07402(GSS-2)), yellow brown earth
(GBW07403(GSS-3)), limestone soil (GBW07404(GSS4)), yellow red soil (GBW07406(GSS-6)), latosol
(GBW07407(GSS-7)), loess (GBW07408(GSS-8)), 
Sichuan Basin soil (GBW07428(GSS-14))";;-;13;1;No;30;5;100;195000;1300;1040;260;?;?;-;-;-;-;-;-;-;38007;38007;LIBS spectrum;RawInt;-;LIBS spectrum:  38007 RawInt (200-600 nm);-;PLS-DA, SVM;SVM;SVM;test set;no;independent;internal;-;test set (internal, independent);;accuracy;97;-;No;accuracy: 97%;-;LIBS database software (C# + MySQL);;;
Increased identification rate of scrap metal using Laser Induced Breakdown Spectroscopy Echelle spectra;Merk et al., 2015;LTB Lasertechnik Berlin GmbH, Germany;LTB;Spectrochimica Acta Part B: Atomic Spectroscopy;4;29;42213;2015;Materials;Scrap metal;Bulk;No;PCA, PLS-DA;benchtop;Nd:YAG;Quantel;?;1064;?;25;200;0.3;?;Echelle;LTB;Aryelle 150;CCD;Qimaging;?; 1004 × 1002;-;240;550;310;7500;?;10;Scrap metal;alloys: Ag, Al, Cr, Cu, Fe, Ni, Pb, Sn, Zn, brass;-;-;1000;100;Yes;1;1;1;1000;13000;1000;-;12000;"TS1: same samples, same LIBS set-up, different time; TS2: same samples, diff. LIBS set-ups; TS3: fresh samples, online classification scenatio";-;NormSNV;-;smoothing, truncation, NormSNV;-;-;-;?;?;LIBS spectrum;RawInt;-;LIBS spectrum:  ? RawInt (242-548 nm);-;PCA, PLS-DA;PLS-DA;PLS-DA (9 LVs);test set;yes;independent;external;different days, different LIBS set-ups, new samples in online classification mode;test set (external, independent);;accuracy;-;88;Yes;-;accuracy: 88%;Sophi;;;
Classification of different types of slag samples by laser-induced breakdown spectroscopy (LIBS) coupled with random forest based on variable importance (VIRF);Tang et al., 2015;Institute of Analytical Science, School of Chemistry & Material Science, Northwest University, China;Northwest University ;Analytical Methods;2;19;42268;2015;Materials;Slag;Bulk;No;RF;benchtop;Nd:YAG;Ref;Ref;1064;10 ns;5;80;1.5;2000;Echelle;LTB;Aryelle 400;CCD;Qimaging;?; 1004 × 1002;?;200;800;600;6000;?;3;Slag;open-hearth furnace slag, converter slag, high titanium slag;Fe, Si, Ti, Ca, Mg, Mn, Al;20;60;20;No;50;1;20;60000;1200;840;360;-;-;-;NormArea;-;NormArea;visual inspection;-;wrapper (RF);?;?;LIBS spectrum;RawInt;Ca, Si, Al, Mg, Fe, Mn, Ti;LIBS spectrum:  ? RawInt (200-500 nm);Fe, Si, Ti, Ca, Mg, Mn, Al;PLS-DA, SVM, RF, VI-RF;VIRF;VIRF ;test set;no;independent;internal;-;test set (internal, independent);;accuracy;99;-;No;accuracy: 99%;-;Matlab;;;
Classification and Discrimination of Minerals Using Laser Induced Breakdown Spectroscopy and Raman Spectroscopy;Bi et al., 2015;School of Mechanicals, Electrical & Information Engineering, Shandong University, China;Shandong University;Plasma Science and Technology;1;10;42309;2015;Geological samples;Minerals;Bulk;Raman;PCA, ANN;benchtop;Nd:YAG;Quantel;Brilliant;1064;10 ns;10;?;?;?;Echelle;Andor;Mechelle 5000;CCD;Andor;iStar DH734i18F-03;?;28243;200;915;715;?;0.01;6;Minerals;gypsum, spodumene, barite, haematite, moonstone, labradorite;-;-;6;1;No;6;1;60;2160;360;240;120;-;-;-;Norm;-;Norm;visual inspection;-;algorithmic peak extraction + PCA;28243;3265;Features;PeakInt;-;LIBS-RAMAN:  3265 PeakInt (200-915 nm) + Raman (150-4500);-;PLS-DA, ANN, SVM;ANN, SVM;ANN, SVM;test set;no;independent;internal;-;test set (internal, independent);;accuracy;100;-;No;accuracy: 100%;-;Matlab;;;
Selection of spectral data for classification of steels using laser-induced breakdown spectroscopy;Kong et al., 2015;Shenyang Institute of Automation, Chinese Academy of Sciences, China;Chinese Academy of Sciences;Plasma Science and Technology;2;15;42309;2015;Materials;Steel;Bulk;No;PCA, ANN;benchtop;Nd:YAG;BigSky;?;1064;?;1;55;3;5;Echelle;LLA Instruments ;?;?;?;?;?;57144;200;780;580;?;0.02;4;Steel;carbon steels, low alloy steels, high alloy steels, stainless steel;Mn, Si, Ni, Cr,V, Mo, Ti, Cu, Fe;-;27;6.75;Yes;1;1;24;648;648;528;120;-;-;-;-;-;-;visual inspection, PCA;PCA;wrapper (PCA-ANN);57144;1474;LIBS subregion;RawInt;-;LIBS subregion:  1474 RawInt (357-367 nm);Mn, Si, Ni, Cr,V, Mo, Ti, Cu, Fe;PCA, ANN;PCA-ANN;PCA-ANN;test set;no;independent;internal;-;test set (internal, independent);;accuracy;100;-;No;accuracy: 100%;-;Matlab;;;
Multivariate classification of edible salts: Simultaneous Laser-Induced Breakdown Spectroscopy and Laser-Ablation Inductively Coupled Plasma Mass Spectrometry Analysis;Lee et al., 2016;Department of Chemistry, Mokpo National University, Republic of Korea;Mokpo National University;Spectrochimica Acta Part B: Atomic Spectroscopy;4;31;42461;2016;Foodstuff;Salts;Bulk;LA-ICP-MS;PCA, PLS-DA;benchtop;Nd:YAG;Applied Spectra;J200 Tandem LA-LIBS Instrument;266;10 ns;10;20;1;1050;6-channel;Applied Spectra;J200 Tandem LA-LIBS Instrument;CCD;Applied Spectra;J200 Tandem LA-LIBS Instrument;;;190;1040;850;?;?;10;Salts;"origins: Laizhou, Okinawa, Hokkaido, Kochi, Jeung-Do, Haenam, Younggwang, Guerande, Brazil, Chile (sea salts); Mongolia, Poland, India, Pakistan (rock salts) ";Na, Ca, Mg, Sr, Fe, Al, K, Cl, O;-;14;1.4;No;123;2955;20;101770200;280;-;-;-;-;-;NormIS (Na);-;NormIS (Na);PCA;-;domain knowledge;?;?;LIBS subregion;RawInt;-;"LIBS subregion:  ? RawInt (362-410 nm; 765-771 nm)";Na, Ca, Mg, Sr, Fe, Al, K, Cl, O;PCA, PLS-DA;PLS-DA;PLS-DA ;cross-validation;no;independent;internal;-;cross-validation (LOOCV);;accuracy;87.2;-;No;accuracy: 87.2%;-;Unscrambler;;;
Study of archaeological coins of different dynasties using libs coupled with multivariate analysis;Awasthi et al., 2016;Department of Physics, University of Allahabad, India;University of Allahabad;Optics and Lasers in Engineering;4;35;42461;2016;Materials;Coins;Bulk;No;PCA;benchtop;Nd:YAG;Continuum;Surelite;532;4 ns;4;10;1.5;?;Czerny-Turner;Ocean Optics;LIBS 2000+;CCD;?;?;?;14336;200;900;700;?;0.1;5;Coins;Coin of Western Kshatrapa Rulers Rudrasimha, Coin of Indo- Parthian and Northen Kshstrapa Rulers, Coin of Maghas, Coin of Pusavasri, Coin of Gonapatroga  ;Ag, Ca, Cu, Fe, Mg, Si, Sn;-;27;5.4;Yes;1;10;4;1080;108;-;-;-;-;-;-;-;-;PCA;-;PCA;5849;-;exploratory study;exploratory study;exploratory study;exploratory study;exploratory study;exploratory study;exploratory study;exploratory study;exploratory study;exploratory study;exploratory study;exploratory study;exploratory study;exploratory study;;exploratory study;exploratory study;exploratory study;exploratory study;exploratory study;exploratory study;Unscrambler;;;
Direct chemical inspection of eye shadow and lipstick solid samples using laser-induced breakdown spectroscopy (LIBS) and chemometrics: proposition of classification models;Augusto et al., 2016;Chemistry Department, Federal University of São Carlos, Brazil;Federal University of São Carlos;Analytical Methods;2;14;42550;2016;Materials;Eye shadow;;No;PCA, SIMCA, PLS-DA, KNN;benchtop;Nd:YAG;Applied Spectra;J2000 Instrument;1064;8 ns;10;100;0.5;1050;6-channel;Applied Spectra;J200 Instrument;CCD;Applied Spectra;J200 Instrument;1280x1024;12288;186;1042;856;?;0.1;2;Eye shadow;contaminated ( > 5 mg kg-1), non-contaminated  ( > 5 mg kg-1);;-;46;23;No;1;50;1;2300;46;46;46;-;-;-;-;-;-;PCA;-;PCA;;4853;LIBS subregion;RawInt;-;LIBS subregion:  4853 RawInt (186-580 nm);-;PCA, SIMCA, PLS-DA, KNN;KNN;KNN (3 neighbors);test set;no;overlapping;internal;-;test set (internal, overlapping);;accuracy;98;-;No;accuracy: 98%;-;Pirouette Multivariate Data Analysis;;;
Twelve different types of data normalization for the proposition of classification, univariate and multivariate regression models for the direct analyses of alloys by laser-induced breakdown spectroscopy (LIBS);Castro et al., 2016;Chemistry Department, Federal University of São Carlos, Brazil;Federal University of São Carlos;Journal of Analytical Atomic Spectrometry;13;106;42557;2016;Materials;Alloys;Bulk;No;KNN, SIMCA, PLS-DA;benchtop;Nd:YAG;Applied Spectra;J2000 Instrument;1064;10 ns;?;60;0.9;?;6-channel;Applied Spectra;J200 Instrument;CCD;Applied Spectra;J200 Instrument;1280x1025;12288;186;1042;856;?;0.1;3;Alloys;steel (71-99% (w/w)), steel (16-67% (w/w)), alloys (<6 % (w/w));C, Fe, Mn, Zn, Cr, Cu, Mo, Ni, Ti, V;-;80;26.66666667;No;1;?;?;?;?;?;?;?;?;?;Norm (12 modes compared);?;?;?;?;?;?;?;?;?;-;?;C, Fe, Mn, Zn, Cr, Cu, Mo, Ni, Ti, V;KNN, SIMCA, PLS-DA;KNN;KNN (1 neighbor);?;no;?;?;-;?;;accuracy;100;-;No;accuracy: 100%;-;Matlab;;;
Identification and Sorting of PVC Polymer in Recycling Process by Laser-Induced Breakdown Spectroscopy (LIBS) Combined with Support Vector Machine (SVM) Model;Dastjerdi et al., 2016;Department of Physics, University of Isfahan, Iran;University of Isfahan;Iranian Journal of Science and Technology, Transactions A: Science;2;16;42613;2016;Polymers;Polymers;Bulk;No;SVM;benchtop;Nd:YAG;Quantel;ICE 450;1064;7 ns;1;100;1.27;1100;8-channel;?;?;CCD;?;?;?;?;182;1057;875;?;0.1;5;Polymers;PE, PMMA, PP, PS, PVC;C, H, Na, K, N, Ti, Mg, Ca, Cl, C2, CN;-;?;?;?;?;?;?;?;?;?;?;?;?;?;?;?;?;?;?;?;?;?;?;?;?;?;?;SVM;SVM;SVM (polynomial kernel, 2nd degree);?;no;?;?;-;?;;accuracy;90.5;-;No;accuracy: 90.5%;-;Matlab;;;
Classification of red wine based on its protected designation of origin (PDO) using Laser-induced Breakdown Spectroscopy (LIBS);Moncayo et al., 2016;Faculty of Chemical Sciences, Complutense University, Spain; Complutense University;Talanta;9;75;42614;2016;Foodstuff;Wines;Bulk;No;ANN;benchtop;Nd:YAG;Quantel;Brio;1064;4 ns;1;42;2;?;broadband;StellarNet;EPP2000;CCD;?;?;?;2048;200;1000;800;?;0.5;15;Wines;"origin: La Mancha,
Ribera de Duero, Rioja, Valdepeñas, Vinos de Madrid, Cariñeña,
Ribeiro, Ribera del Guadiana, Navarra, Somontano, Toro, Table wine, Chianti, Dornfelder, Valle Central";Mg, Ca, Na, H, K;-;45;3;No;1;1;100;4500;4500;500;2000;2300;in-class (generalization ability) + out-of-cass (robustness);-;NormIS (K: 766.49 nm);-;NormIS (K: 766.49 nm);visual inspection;-;domain knowledge;2048;355;LIBS subregions;RawInt;Mg, Ca, Na, H, K;LIBS subregions:  355 RawInt (Mg, Ca, Na, H, K);Mg, Ca, Na, H, K;ANN;ANN;MLP (355, 2, 15);test set;no;independent;internal + external;-;test set (internal + external, independent);;accuracy;99.2;98.6;Yes;accuracy: 99.2%;accuracy: 98.6%;Matlab;;;
Classification of steel samples by laser-induced breakdown spectroscopy and random forest;Zhang et al., 2016;Institute of Analytical Science, College of Chemistry & Materials Science, Northwest University,China;Northwest University ;Chemometrics and Intelligent Laboratory Systems;5;43;42658;2016;Materials;Steel;Bulk;No;RF;benchtop;Nd:YAG;LOTIS;LQ 916;1064;10 ns;5;61;1.5;2000;Echelle;LTB;Aryelle ;CCD;Qimaging;?;1004x1002;29888;200;800;600;6000;?;9;Steel;20#, 35#, 20Cr, 40Cr, 20CrMo, 35CrMo, 42CrMo, 20CrNiMo, 20CrMnTi;C, Si, Mn, S, P, Cr, Ni, Cu;-;54;6;No;20;5;10;54000;540;360;180;-;-;-;NormMaxInt;-;NormMaxInt;visual inspection;-;-;29888;29800;LIBS spectrum;RawInt;-;LIBS spectrum:  29800 RawInt (200-800 nm);C, Si, Mn, S, P, Cr, Ni, Cu;RF, PLS-DA, SVM;RF;RF (300 trees);test set;no;independent;internal;-;test set (internal, independent);;accuracy;87;-;No;accuracy: 87%;-;Matlab;;;
