Publication;Authors;Journal;Date;Year;Application;Materials;Nr classes;Classes;Preprocessing;Feature selection;Spectral input;Classification approaches;Classification;Best model;Validation internal;Validation external;Software
LIPS and linear correlation analysis applied to the classification of Roman pottery Terra Sigillata;López et al., 2006;Applied Physics A;09.03.2006;2006;Materials;Ceramics;3;Hispanic, Gaulic, African;-;-;LIBS spectrum:  RawInt (260-340 nm);Correlation;Linear correlation;Linear correlation ;-;-;Matlab
LIBS for landmine detection and discrimination;Harmon et al., 2006;Analytical and Bioanalytical Chemistry;25.05.2006;2006;Forensics/Explosives;Explosives;2;mine, non-mine;-;-;LIBS spectrum:  RawInt (200-980 nm);Correlation;Linear correlation;Linear correlation ;accuracy: 90%;-;Ocean Optics
Feasibility study of rock identification at the surface of Mars by remote laser-induced breakdown spectroscopy and three chemometric methods;Sirven et al., 2007;Journal of Analytical Atomic Spectrometry;20.08.2007;2007;Geological samples;Rocks;6;basalt (ES9206), limestone (RJ3), gabbro (OT9101), trachy-andesite (ES9106), trachyte (ES9101), obsidian (LMG Little Mountain Glass);NormIS (O: 777.2);-;LIBS spectrum:  8421 RawInt (280-1000 nm);SIMCA, PLS-DA;SIMCA+PLS/DA;SIMCA+PLS/DA;sensitivity, robustness: 97%;-;Matlab
Double pulse laser-induced breakdown spectroscopy of explosives: Initial study towards improved discrimination;De Lucia et al., 2007;Spectrochimica Acta Part B: Atomic Spectroscopy;22.10.2007;2007;Forensics/Explosives;Explosives;2;explosive (RDX, Comp-B), non-explosive (diesel fuel);NormArea (C + C2 + CN+ H + N+ O + Ca + Na + K);domain knowledge;Features:  5 IntRatios (O/C, O/H, N/C, N/H, O/N);Ratios, PCA, PLS-DA;PCA;PCA (PC1 score);-;-;?
Application of artificial neural networks for the rapid classification of archaeological ceramics by means of laser induced breakdown spectroscopy (LIBS);Ramil et al., 2008;Applied Physics A;01.04.2008;2008;Materials;Ceramics;3;Hispanic, Gaulic, African;NormArea;-;LIBS spectrum:  512 RawInt (260-340 nm);ANN;ANN;MLP (512,25,3);accuracy: 100%;-;Matlab
Multivariate analysis of standoff laser-induced breakdown spectroscopy spectra for classification of explosive-containing residues;De Lucia et al., 2008;Applied Optics;18.08.2008;2008;Forensics/Explosives;Explosives;2;explosive (RDX, Comp-B, TNT), non-explosive;BckgCorr, Norm;domain knowledge;Features:  20 PeakRatios, 9 PeakAreas (190-840 nm);PLS-DA;PLS-DA;PLS-DA;accuracy: 80%;-;Matlab
Classification of Brazilian soils by using LIBS and variable selection in the wavelet domain;Pontes et al., 2009;Analytica Chimica Acta;29.05.2009;2009;Soil;Soil;3;Argissolo, Latossolo, Nitossolo;NormSNV, WT;GA/SW/SPA;Features:  5 (200-990 nm);LDA;LDA; WT-SPA–LDA;accuracy: 90%;-;Matlab
LIBS analysis of geomaterials: Geochemical fingerprinting for the rapid analysis and discrimination of minerals;Harmon et al., 2009;Applied Geochemistry;01.06.2009;2009;Geological samples;Minerals;7;metals, mixed mineral set, pyroxenes, feldspars, carbonates, beryls, combined mineral group;-;WghtVar;LIBS spectrum:  13500 RawIntWght (200-965 nm);Correlation;Maximum correlation;MV-MC;accuracy: 85%;-;Ocean Optics
Preliminary evaluation of laser-induced breakdown spectroscopy for tissue classification;Yueh et al., 2009;Spectrochimica Acta Part B: Atomic Spectroscopy;01.10.2009;2009;Biological/Life Science;Tissue;6;muscle, kidney, liver, lung, spleen, brain;NormIS (Ca: 422.6 nm);domain knowledge;Features:  21 PeakAreas (200-780 nm);PLS-DA, ANN;PLS-DA;PLS-DA ;-;accuracy: 60%;Matlab, GRAMS/AI, NeuralWare
Multivariate analysis of laser-induced breakdown spectroscopy chemical signatures for geomaterial classification;Gottfried et al., 2010;Spectrochimica Acta Part B: Atomic Spectroscopy;06.07.2009;2009;Geological samples;Geomaterials;-;-;-;-;-;PLS-DA;PLS-DA;PLS-DA;-;-;?
Identification of Polymer Materials Using Laser-Induced Breakdown Spectroscopy Combined with Artificial Neural Networks;Boueri et al., 2010;Applied Spectroscopy;30.11.2010;2010;Polymers;Polymers;8;polypropylene (PP), polyvinyl chloride (PVC), polytetrafluoroethylene (PTFE), polyoxymethylene (POM), polyethylene (PE), polyamide/nylon (PA), polycarbonate (PC), poly(methyl methacrylate) (PMMA);NormIS (C: 247.9 nm);domain knowledge, wrapper (ANN);Features:  13 PeakInt (C, Mg, Ti, CN, Ca, Na, H, F, Cl, N, K, O);ANN;ANN;MLP (13,25,8);-;accuracy: 81%;?
Identification of polymers by libs using methods of correlation and normalized coordinates;Lasheras et al., 2010;Polymer Testing;01.12.2010;2010;Polymers;Polymers;9;polyethylene (PE), polypropylene (PP), polystyrene (PS), polyethylene terephthalate (PET), poly-vinyl chloride (PVC), polytetrafluoroethene (PTFE), nylon, cellulose, rubber;-;-;LIBS spectrum:  2048 RawInt (200-850 nm);Correlation (linear, rank, MVC);Linear correlation;Linear correlation ;accuracy: 100%;-;Visual Basic
Characterization and forensic analysis of soil samples using laser-induced breakdown spectroscopy (LIBS);Jantzi et al., 2011;Analytical and Bioanalytical Chemistry;02.04.2011;2011;Soil;Soil;5;SE of Florida City,  Sweetwater, Canal C6, Krome North Tower, Homestead Airport ;BckgCorr,  NormIS (Sc: 361.4 nm);filter (discriminative power);Features:  5 IntRatios (Sr/Ti, Ba/Mg, Ca/Mg, Fe/Mg, Li/Mg);ANOVA, LDA, PCA;LDA;LDA;accuracy: 99%;-;Systat
Laser-induced breakdown spectroscopy for polymer identification;Grégoire et al., 2011;Analytical and Bioanalytical Chemistry;05.04.2011;2011;Polymers;Polymers;14;polyethylene (PE), polypropylene (PP), polyoxymethylene, (POM), polyvinyl chloride (PVC), polytetrafluoroethylene (PTF), polyoxyethylene (POE), polyamide (PA), poly(butylene terephthalate) (PBT), acrylonitrile–butadiene–styrene (PBS), polystyrene (PS), polycarbonate (PC);-;domain knowledge;Features:  6 PeakInt (200-975 nm);Ratios, PCA, PLS-DA;PLS-DA;PLS-DA ;-;-;Unscrambler
Detection of explosives in traces by laser induced breakdown spectroscopy: Differences from organic interferents and conditions for a correct classification;Lazic et al., 2011;Spectrochimica Acta Part B: Atomic Spectroscopy;08.08.2011;2011;Forensics/Explosives;Explosives;10;EGDN, NG, RDX, TNT, DNT, PETN, HMX, TETRYL, TATP, Diesel oil, Paraffin waf, Hand cream;-;-;-;-;-;-;-;-;?
Multivariate classification of pigments and inks using combined Raman spectroscopy and LIBS;Hoehse et al., 2011;Analytical and Bioanalytical Chemistry;16.08.2011;2011;Forensics/Explosives;Pigments and Inks;10;10 inks povided by state criminal investigation department;BckgCorr,  NormSNV;-;LIBS-Raman: RawInt (290-930 nm, 1797-2432 cm-1);PCA, SIMCA, PLS-DA, SVM;SIMCA+PLS/DA;SIMCA+PLS/DA;-;-;Unscrambler
Classification of explosive residues on organic substrates using laser induced breakdown spectroscopy;De Lucia et al., 2011;Applied Optics;11.11.2011;2011;Forensics/Explosives;Explosives;2;explosive (RDX, TNT, Comp-B), non-explosive (substrate, lubricant oil, dust, fingerprint oil, sand, diesel fuel);Norm;domain knowledge;Features:  132 PeakRatios, PeakAreas (C, C2, CN, H, O, N);PLS-DA;PLS-DA;PLS-DA;-;TPR: 98%;Matlab
Laser-induced breakdown spectroscopy-based investigation and classification of pharmaceutical tablets using multivariate chemometric analysis;Myakalwar et al., 2011;Talanta;15.12.2011;2011;Biological/Life Science;Pharmaceutical Samples;6;brufen, brufen-coated, glucosamine, glucosamine-coated, vitamin C, paracetamol;-;-;LIBS spectrum:  25505 RawInt (200-1000 nm);PCA, SIMCA;SIMCA;SIMCA ;accuracy: 90%;-;Matlab
Incorporation of Support Vector Machines in the LIBS Toolbox for Sensitive and Robust Classification Amidst Unexpected Sample and System Variability;Dingari et al., 2012;Analytical Chemistry;31.01.2012;2012;Biological/Life Science;Pharmaceutical Samples;6;brufen, brufen-coated, glucosamine, glucosamine-coated, vitamin C, paracetamol;-;-;LIBS spectrum:  25505 RawInt (200-1000 nm);SVM, SIMCA, PLS-DA;SVM;SVM (RBF kernel);accuracy: 96%;-;Matlab
Feasibility of Laser-Induced Breakdown Spectroscopy (LIBS) for Classification of Sea Salts;Tan et al., 2012;Applied Spectroscopy;01.03.2012;2012;Foodstuff;Salts;11;Korea (5), China (2), Japan (2), France (2);NormIS (CN band);PCA;Features:  5 PCs (760-800 nm);PLS-DA;PLS-DA;PLS-DA;accuracy: 85%;-;?
Discrimination of polymers by laser induced breakdown spectroscopy together with the DFA method;Banaee et al., 2012;Polymer Testing;01.09.2012;2012;Polymers;Polymers;6;"polyethylene terephthalate (PET), high density polyethylene (HDPE), polyvinyl chloride
(PVC), low density polyethylene (LDPE), polypropylene (PP), polystyrene (PS)";BckgCorr;domain knowledge, wrapper (DFA);Features:  10 IntRatios (Cl/C, C2/C, H/C, O/C, CN/C, N/C, CN/C, N/C, N/O, C2/C);DFA;DFA;DFA ;accuracy: 99%;-;SPSS
Analytical predictive capabilities of Laser Induced Breakdown Spectroscopy (LIBS) with Principal Component Analysis (PCA) for plastic classification;Unnikrishnan et al., 2013;RSC Advances;18.10.2013;2013;Polymers;Polymers;4;polyethylene terephthalate (PET), high density polyethylene (PE), polypropylene (PP), polystyrene (PS);SmoothFourier;domain knowledge;LIBS subregions:  RawInt (245-260 nm, 375-390 nm, 485-50 nm);PCA, M-distance;PCA, M-distance;PCA, M-distance;?;?;GRAMS
Classification of steel materials by laser-induced breakdown spectroscopy coupled with support vector machines;Liang et al., 2014;Applied Optics;23.01.2014;2014;Materials;Steel;9;20 , 20Cr, 20CrMnTi, 20CrMo, 20CrNiMo, 35, 35CrMo, 40Cr, 42CrMo, 20CrMnTi, 20CrMo, 20CrNiMo, 35, 35CrMo, 40Cr, 42CrMo;-;-;LIBS spectrum:  RawInt (220-800 nm);SVM;SVM;SVM (polynomial kernel);accuracy: 92%;-;Matlab
Accuracy improvement on polymer identification using laser-induced breakdown spectroscopy with adjusting spectral weightings;Guo et al., 2014;Optics Express;12.02.2014;2014;Polymers;Polymers;9;polytetrafluoroethylene (PTFE), polyurethane (PU), polysytrene (PS), polycarbonate (PC), polyvinyl chloride (PVC), acrylonitrile-butadiene-styrene (ABS), plexiglass (PMMA), polyamide (PA), polypropylene (PP), polyethylene (PE), polyoxymethylene (POM);NormIS (C: 247.9 nm);WghtPCA;LIBS spectrum:  RawIntWght (200-950 nm);SVM;SVM;SVM (RBF);accuracy: 100%;-;Matlab
Reliable classification of moving waste materials with LIBS in concrete recycling;Xia et al., 2014;Talanta;01.03.2014;2014;Materials;Concrete;8;cement, brick, gypsum block, wood, PVC plastic, glass, aggregate, steel rebar;NormArea;-;LIBS spectrum:  3648 RawInt (250-800 nm);PCA-Adaboost, PLS-DA;PLS-DA;PLS-DA (15 LVs);accuracy: 99%;-;Matlab
Classification of vegetable oils based on their concentration of saturated fatty acids using laser induced breakdown spectroscopy (LIBS);Kongbonga et al., 2013;Food Chemistry;29.09.2013;2013;Foodstuff;Vegetable Oils;3;palm oil (50% saturated FA), olive oil (14% saturated FA), sunflower oil (13% saturated FA);-;domain knowledge;Features:  1 IntRatio (C/C2);ANOVA;ANOVA;ANOVA;-;-;LIFBASE
Assessment and forensic application of laser-induced breakdown spectroscopy (LIBS) for the discrimination of Australian window glass;El-Deftar et al., 2014;Forensic Science International;29.04.2014;2014;Forensics/Explosives;Window glass;2;20 crime scenes;-;-;Features:  11 IntRatio (Al/Ca, Al/Ti, Fe/Al, Ba/Sr, Ti/Sr, Al/Sr, Si/Al, Na/Ti, Na/K, Ba/Ca, Sr/Zr);ANOVA;ANOVA;ANOVA;discriminative power: 97%;-;?
Comparative study on fast classification of brick samples by combination of principal component analysis and linear discriminant analysis using stand-off and table-top laser-induced breakdown spectroscopy;Vítková et al., 2014;Spectrochimica Acta Part B: Atomic Spectroscopy;01.11.2014;2014;Materials;Bricks;7;"Šlapanice, Hranice na Moravě, Tallinn, Skalka u Velimi, Těšetice,
Strážovice, Pohansko";-;PCA;Features:  5 PCs (200-1000 nm);PCA, LDA;LDA;LDA (5 PCs);-;accuracy: 86%;R Studio
Classification of iron ores by laser-induced breakdown spectroscopy (LIBS) combined with random forest (RF);Sheng et al., 2014;Journal of Analytical Atomic Spectrometry;02.12.2014;2014;Geological samples;Iron Ores;10;H140115-014, H140122-036,H140121-041,H140115-042,H140123-065-PT,H140122-073-PT, H140123-080-PT, H140119-092, H140123-097-PT, H140118-080;-;-;LIBS spectrum:  RawInt (200-940 nm);RF, SVM;RF;RF (72 trees);accuracy: 100%;-;Matlab
Quantitative and classification analysis of slag samples by laser induced breakdown spectroscopy (LIBS) coupled with support vector machine (SVM) and partial least square (PLS) methods;Zhang et al., 2014;Journal of Analytical Atomic Spectrometry;09.12.2014;2014;Materials;Slag;2;open-hearth furnace slag (GSBH42011-94), high titanium slag (YS/T 298-2007));-;-;Features:  28 RawInt (220-800 nm);PLS-DA;PLS-DA;PLS-DA;accuracy: 100%;-;Matlab
Rock and soil classification using PLS-DA and SVM combined with a laser-induced breakdown spectroscopy Library;Yang et al., 2015;Plasma Science and Technology;21.04.2015;2015;Geological samples;Rock, Soil;13;"andesite (GBW07104(GSR-2)), basalt (GBW07105(GSR3)), shale (GBW07107(GSR-5)), argillaceous limestone (GBW07108(GSR-6)), carbonate (GBW07135)
and mudstone (GBW(E)070040); soil:
chestnut soil (GBW07402(GSS-2)), yellow brown earth
(GBW07403(GSS-3)), limestone soil (GBW07404(GSS4)), yellow red soil (GBW07406(GSS-6)), latosol
(GBW07407(GSS-7)), loess (GBW07408(GSS-8)), 
Sichuan Basin soil (GBW07428(GSS-14))";-;-;LIBS spectrum:  38007 RawInt (200-600 nm);PLS-DA, SVM;SVM;SVM;accuracy: 97%;-;LIBS database software (C# + MySQL)
Increased identification rate of scrap metal using Laser Induced Breakdown Spectroscopy Echelle spectra;Merk et al., 2015;Spectrochimica Acta Part B: Atomic Spectroscopy;28.07.2015;2015;Materials;Scrap metal;10;Ag alloy, Al alloy, Cr alloy, Cu alloy, Fe alloy, Ni alloy, Pb alloy, Sn alloy, Zn alloy, brass;Smooth, NormSNV;-;LIBS spectrum:  RawInt (242-548 nm);PCA, PLS-DA;PLS-DA;PLS-DA (9 LVs);-;accuracy: 88%;Sophi
Classification of different types of slag samples by laser-induced breakdown spectroscopy (LIBS) coupled with random forest based on variable importance (VIRF);Tang et al., 2015;Analytical Methods;21.09.2015;2015;Materials;Slag;3;open-hearth furnace slag, converter slag, high titanium slag;NormArea;VIRF;LIBS spectrum:  RawInt (200-500 nm);PLS-DA, SVM, RF, VI-RF;RF;RF;accuracy: 99%;-;Matlab
Classification and Discrimination of Minerals Using Laser Induced Breakdown Spectroscopy and Raman Spectroscopy;Bi et al., 2015;Plasma Science and Technology;01.11.2015;2015;Geological samples;Minerals;6;gypsum, spodumene, barite, haematite, moonstone, labradorite;Norm;algorithmic peak extraction;LIBS-Raman:  3265 PeakInt (200-915 nm) + Raman (150-4500cm-1);PLS-DA, ANN, SVM;ANN, SVM;ANN, SVM;accuracy: 100%;-;Matlab
Selection of spectral data for classification of steels using laser-induced breakdown spectroscopy;Kong et al., 2015;Plasma Science and Technology;01.11.2015;2015;Materials;Steel;4;carbon steels, low alloy steels, high alloy steels, stainless steel;-;wrapper (PCA-ANN);LIBS subregion:  1474 RawInt (357-367 nm);PCA, ANN;PCA-ANN;PCA-ANN;accuracy: 100%;-;Matlab
Multivariate classification of edible salts: Simultaneous Laser-Induced Breakdown Spectroscopy and Laser-Ablation Inductively Coupled Plasma Mass Spectrometry Analysis;Lee et al., 2016;Spectrochimica Acta Part B: Atomic Spectroscopy;01.04.2016;2016;Foodstuff;Salts;10;"Laizhou, Okinawa, Hokkaido, Kochi, Jeung-Do, Haenam, Younggwang, Guerande, Brazil, Chile (sea salts); Mongolia, Poland, India, Pakistan (rock salts) ";NormIS (Na: 330.2, 819.5 nm);domain knowledge;"LIBS subregion: RawInt (362-410 nm; 765-771 nm)";PCA, PLS-DA;PLS-DA;PLS-DA ;accuracy: 87.2%;-;Unscrambler
Study of archaeological coins of different dynasties using libs coupled with multivariate analysis;Awasthi et al., 2016;Optics and Lasers in Engineering;01.04.2016;2016;Materials;Coins;5;Coin of Western Kshatrapa Rulers Rudrasimha, Coin of Indo- Parthian and Northen Kshstrapa Rulers, Coin of Maghas, Coin of Pusavasri, Coin of Gonapatroga  ;-;-;-;-;-;-;-;-;Unscrambler
Direct chemical inspection of eye shadow and lipstick solid samples using laser-induced breakdown spectroscopy (LIBS) and chemometrics: proposition of classification models;Augusto et al., 2016;Analytical Methods;29.06.2016;2016;Materials;Eye shadow;2;contaminated ( > 5 mg kg-1), non-contaminated  ( > 5 mg kg-1);-;PCA-based;LIBS subregion:  4853 RawInt (186-580 nm);PCA, SIMCA, PLS-DA, KNN;KNN;KNN (3 neighbors);accuracy: 98%;-;Pirouette Multivariate Data Analysis
Twelve different types of data normalization for the proposition of classification, univariate and multivariate regression models for the direct analyses of alloys by laser-induced breakdown spectroscopy (LIBS);Castro et al., 2016;Journal of Analytical Atomic Spectrometry;06.07.2016;2016;Materials;Alloys;3;steel (71-99% (w/w)), steel (16-67% (w/w)), alloys (<6 % (w/w));Norm (12 modes compared);?;?;KNN, SIMCA, PLS-DA;KNN;KNN (1 neighbor);accuracy: 100%;-;Matlab
Identification and Sorting of PVC Polymer in Recycling Process by Laser-Induced Breakdown Spectroscopy (LIBS) Combined with Support Vector Machine (SVM) Model;Dastjerdi et al., 2016;Iranian Journal of Science and Technology, Transactions A: Science;31.08.2016;2016;Polymers;Polymers;5;polyethylene (PE), polypropylene (PP), polyvinyl chloride (PVC), polystyrene (PS), poly(methyl metacrylate) (PMMA);?;?;?;SVM;SVM;SVM (polynomial kernel, 2nd degree);accuracy: 90.5%;-;Matlab
Classification of red wine based on its protected designation of origin (PDO) using Laser-induced Breakdown Spectroscopy (LIBS);Moncayo et al., 2016;Talanta;01.09.2016;2016;Foodstuff;Wines;15;"La Mancha,
Ribera de Duero, Rioja, Valdepeñas, Vinos de Madrid, Cariñeña,
Ribeiro, Ribera del Guadiana, Navarra, Somontano, Toro, Table wine, Chianti, Dornfelder, Valle Central";NormIS (K: 766.49 nm);domain knowledge;LIBS subregions:  355 RawInt (Mg, Ca, Na, H, K emissions);ANN;ANN;MLP (355, 2, 15);accuracy: 99.2%;accuracy: 98.6%;Matlab
Classification of steel samples by laser-induced breakdown spectroscopy and random forest;Zhang et al., 2016;Chemometrics and Intelligent Laboratory Systems;15.10.2016;2016;Materials;Steel;9;20, 35, 20Cr, 40Cr, 20CrMo, 35CrMo, 42CrMo, 20CrNiMo, 20CrMnTi;NormMaxInt;-;LIBS spectrum:  29800 RawInt (200-800 nm);RF, PLS-DA, SVM;RF;RF (300 trees);accuracy: 87%;-;Matlab
Impact of Laser-Induced Breakdown Spectroscopy data normalization on multivariate classification accuracy;Pořízka et al., 2016;Journal of Analytical Atomic Spectrometry;18.10.2016;2016;Polymers;Polymers;16;;;;:    (200-915 nm);PCA, SIMCA;;;-;-;
Proposition of classification models for the direct evaluation of the quality of cattle and sheep leathers using laser-induced breakdown spectroscopy (LIBS) analysis;Neiva et al., 2016;RSC Advances;27.10.2016;2016;Materials;Leather;10;sheep, cattle;NormArea;-;LIBS spectrum:  RawInt (180-1040 nm);PCA, SIMCA, KNN, PLS-DA;;;;-;?
A hybrid LIBS–Raman system combined with chemometrics: an efficient tool for plastic identification and sorting;Shameem et al., 2017;Analytical and Bioanalytical Chemistry;20.03.2017;2017;Polymers;Polymers;4;polyethylene terephthalate (PET), high density polyethylene (PE), polypropylene (PP), polystyrene (PS);Smooth;domain knowledge;LIBS subregions:  RawInt (245-260, 375-390, 485-500 nm);PCA;PCA;PCA;accuracy: 93%;-;GRAMS
Classification of wrought aluminum alloys by Artificial Neural Networks evaluation of Laser Induced Breakdown Spectroscopy spectra from aluminum scrap samples;Campanella et al., 2007;Spectrochimica Acta Part B: Atomic Spectroscopy;01.08.2017;2017;Materials;Alloys;8;Al alloys: manganese 0.4–1.2%, magnesium 1–5%, magnesium 0.5–1% and silicon 0.5–1.4%, zinc 1–7.6%;-;domain knowledge;LIBS subregions:  564 RawInt (279-289, 322-340, 355-392, 401-408 nm);ANN;ANN;MLP (564, 4, 6);accuracy: 75%;accuracy: 75%;Matlab
Classification and discrimination of coal ash by laser-induced breakdown spectroscopy (LIBS) coupled with advanced chemometric methods;Zhang et al., 2017;Journal of Analytical Atomic Spectrometry;03.08.2017;2017;Geological samples;Coal ash;3;GSB06-2119-2007, GSB06-2121-2007, GSB06-2122-2007;-;ICA;Features:  30 ICs (220-800 nm);ICA, WNN;ANN;"WNN (30, 10, 3; iterations: 1000; learning rate: 0.006; momentum: 0.01)";accuracy: 100%;-;Matlab
Classification of wines according to their production regions with the contained trace elements using laser-induced breakdown spectroscopy;Tian et al., 2017;Spectrochimica Acta Part B: Atomic Spectroscopy;01.09.2017;2017;Foodstuff;Wines;5;California, Beaujolais, Bordeaux, Bourgogne, Languedoc;NormIS (Y: 362.1, 360.1 nm);VIRF;Features:  17 PeakInt (C, O, H, N, Al, Na, Mg, K, Ca, Li, B, Si, P, Ti, Mn, Fe, Cu, Zn, Rb, Sr, Ba, Pb);PCA, RF;RF;RF (88 trees);accuracy: 100%;-;Matlab
Qualitative and quantitative analysis of milk for the detection of adulteration by Laser Induced Breakdown Spectroscopy (LIBS);Moncayo et al., 2017;Food Chemistry;01.10.2017;2017;Foodstuff;Milk;4;cow, goat, sheep;NormIS (Ca: 393.37);-;LIBS subregions:  635 RawInt (190-450 nm);PCA, ANN;ANN;ANN (635, ?, ?);accuracy: 100%;-;Matlab
Provenance classification of nephrite jades using multivariate LIBS: a comparative study;Yu et al., 2018;Analytical Methods;29.11.2017;2017;Geological samples;Nephrite Jades;5;Luodian, Xinjiang, Qinghai, Russia, Korea;BckgCorr,  NormArea;algorithmic peak extraction;Features:  245 PeakAreas (188-986 nm);PCA, PLS-DA, LDA, SVM;SVM;SVM (linaer kernel);accuracy: 100%;-;Matlab
Exploration of megapixel hyperspectral LIBS images using principal component analysis;Moncayo et al., 2018;Journal of Analytical Atomic Spectrometry;04.01.2018;2018;Geological samples;Turquoise ;3;mineral phases: turquoise, pyrite, silica;-;-;LIBS spectrum:  2048 RawInt (250-330 nm);PCA;exploratory study;exploratory study;-;-;Matlab
In situ classification of rocks using stand-off laser-induced breakdown spectroscopy with a compact spectrometer;Li et al., 2018;Journal of Analytical Atomic Spectrometry;13.02.2018;2018;Geological samples;Rocks;15;hyalopsite, granite, basalt, cinder, liparite, shale, calcareous tuff, sandstone, conglomerate, limestone, slate, marble, quartzite, gneiss, micacite;-;domain knowedge;Features:  PeakInt (390-640 nm);LDA, PCA;LDA;LDA;accuracy: 100%;-;Matlab
Evaluation of sample preparation methods for rice geographic origin classification using laser-induced breakdown spectroscopy;Yang et al., 2018;Journal of Cereal Science;01.03.2018;2018;Foodstuff;Rice;20;Thailand, Zhijiang, Suihus, Dongguan, Chaoyang, Bama, Panjin, Guangzhou, Wuchang, Lianhua, Qiqihaer, Shuanliao, Anqing, Xiangshui, Taoyuan, Shangrao, Taizhou, Jian, Zhuxi, Tailai;NormIS (C: 247.86 nm);PCA;Features:  30 PCs (185-904 nm);PCA, SVM;SVM;SVM (RBF kernel);accuracy: 99%;-;Matlab
Forensic Discrimination of Latent Fingerprints Using Laser-Induced Breakdown Spectroscopy (LIBS) and Chemometric Approaches;Yang et al., 2018;Applied Spectroscopy;23.03.2018;2018;Forensics/Explosives;Finger Prints;4;4 different individuals;-;PCA;Features:  2 PCs (198-1050 nm);PCA, SIMCA, PLS-DA;PLS-DA;-;accuracy: 90%;accuracy: 85%;Unscrambler, Matlab
Identification of offal adulteration in beef by laser induced breakdown spectroscopy (LIBS);Velioglu et al., 2018;Meat Science;01.04.2018;2018;Foodstuff;Meat;3;offal, beef, offal adulterated;-;-;-;-;-;-;-;-;?
Identification of milk fraud using laser-induced breakdown spectroscopy (LIBS);Sezer et al., 2018;International Dairy Journal;01.06.2018;2018;Foodstuff;Milk;2;pure, adulterated;FirstDv, NormSNV;PCA;Features:  4 PCs (C, Mg, Ca, CN, Na, H, N, K, O);PCA;PCA;PCA;-;-;?
Industrial polymers classification using laser-induced breakdown spectroscopy combined with self-organizing maps and K-means algorithm;Tang et al., 2018;Optik;01.07.2018;2018;Polymers;Polymers;12;"
acrylonitrile (PAN), acrylonitrile–butadiene–styrene (PBS), nylon (PA), polycarbonate (PC), polyethylene (PE), polymethyl methacrylate (PMMA), polypropylene (PP), polystyrene (PS), polytetrafluoroethylene (PTFE), polyurethane (PU), polyformaldehyde (POM), polyvinylchloride (PVC)";-;WghtPCA;Features:  6 PeakIntWght (C2, CN, C, O, N, H);SOM, kmeans;ANN;"SOM (neurons: 25; iterations: 400)";accuracy: 99%;-;Matlab
Identification and classification of meteorites using a handheld LIBS instrument coupled with a fuzzy logic-based method;Senesi et al., 2018;"Journal of Analytical Atomic Spectrometry
";17.07.2018;2018;Geological samples;Meteorites;4;iron, stone, stony-iron meteorites, meteor-wrongs;-;-;-;fuzzy rules;fuzzy rules;fuzzy rules;accuracy: 96%;-;?
Discriminating volcanic centers with handheld laser-induced breakdown spectroscopy (LIBS);Harmon et al., 2018;Journal of Archaeological Science;01.10.2018;2018;Geological samples;Volcanic centers;multiple experiments;multiple experiments;-;-;-;PCA, PLS-DA, Spectral Contrast Angle;-;-;-;-;?
Application of Computational Intelligence Methods for the Automated Identification of Paper-Ink Samples Based on LIBS;Rzecki et al., 2018;Sensors;29.10.2018;2018;Forensics/Explosives;Paper-Ink;30;Bic Orange fine blue, Rystor Kropka 0.5 1986, Staedtler Stick 430F, Staedtler Ball 432F, Toma Sunny fine 050 ;NormMinMax;domain knowledge;LIBS subregion:  7000 RawInt (185-904 nm);PCA, GRNN, PNN, MLP, SVM, DT, KNN;RF;RF (? trees);accuracy: 99%;-;SILEM (scikit Python library)
Classification and statistical analysis of hydrothermal seafloor rocks measured underwater using laser-induced breakdown spectroscopy;Yelameli et al., 2018;Journal of Chemometrics;30.10.2018;2018;Geological samples;Rocks underwater;multiple experiments;multiple experiments;-;multiple experiments;multiple experiments;PCA, SVM, KNN, ANN;multiple experiments;multiple experiments;multiple experiments;multiple experiments;-
Rapid classification of archaeological ceramics via laser-induced breakdown spectroscopy coupled with random forest;Qi et al., 2018;Spectrochimica Acta Part B: Atomic Spectroscopy;01.11.2018;2018;Materials;Ceramics;6;modern ceramics, Qing dynasty, Song dynasty, Jin dynasty, Yuan dynasty, Tang dynasty;-;VIRF;Features:  RawInt (220-720 nm);RF;RF;RF (500 trees);-;accuracy: 94%;Matlab
Laser-induced breakdown spectroscopy assisted chemometric methods for rice geographic origin classification;Yang et al., 2018;Applied Optics;26.11.2018;2018;Foodstuff;Rice;20;Thailand, Zhijiang, Suihus, Dongguan, Chaoyang, Bama, Panjin, Guangzhou, Wuchang, Lianhua, Qiqihaer, Shuanliao, Anqing, Xiangshui, Taoyuan, Shangrao, Taizhou, Jian, Zhuxi, Tailai;-;PCA;Features:  30 PCs (185-904 nm);RF, PLS-DA, LDA, SVM;SVM;SVM (? kernel);accuracy: 99.2%;-;Matlab
Hybrid classification of coal and biomass by laser-induced breakdown spectroscopy combined with K-means and SVM;Peng et al., 2018;Plasma Science and Technology;05.12.2018;2018;Geological samples;Coal;3;caoal, municipal sludge, biomass;NormMinMax;domain knowledge;Features:  11 PeakInt (C, H, N, O, Ca, Si, Mg, Al, Fe, Na, K );kmeans, SVM;k-means + SVM;k-means + SVM;accuracy: 98%;-;Matlab
A rapid classification method of aluminum alloy based on laser-induced breakdown spectroscopy and random forest algorithm;Zhan et al., 2019;Plasma Science and Technology;16.01.2019;2019;Materials;Alloys;4;Al alloys: LD, LC, LY, ZL series;-;?;?;RF;RF;RF (1000 trees);accuracy: 98%;-;Matlab
Laser-induced breakdown spectroscopy (LIBS) for classification of wood species integrated with artificial neural network (ANN);Cui et al., 2019;Applied Physics B;08.03.2019;2019;Materials;Wood;4;Africa rosewood, Brazil bubinga, Myanmar padauk, Pterocarpus erinaceus;NormArea;PCA-based;Features:  49 PeakInt (Fe, Ca, Na, H, K, O, N);ANN;ANN;MLP (49, 6-15, 4);accuracy: 100%;-;Matlab + Statistica
Application of laser-induced breakdown spectroscopy (LIBS) coupled with PCA for rapid classification of soil samples in geothermal areas;Chatterjee et al., 2019;Analytical and Bioanalytical Chemistry;16.03.2019;2019;Soil;Soil;20;thermal manifestations;-;?;LIBS spectrum:  RawInt (200-975 nm);PCA;PCA;PCA;accuracy: 85%;-;?
Identification and classification of explosives using semi-supervised learning and laser-induced breakdown spectroscopy;Wang et al., 2019;Journal of Hazardous Materials;05.05.2019;2019;Forensics/Explosives;Explosives;2;explosives (HMX, CL-20, RDX, and TNT), plastics (3240 epoxy glass cloth, FR-4 epoxy glass cloth, ABS, nylon);BckgCorr, NormArea;domain knowledge;Features:  7 PeakInt (C2, CN, C, O, N, H);KNN;ANN;KNN (R: 3.3%, K: 3, L: 15);accuracy: 100%;-;Matlab
Femtosecond laser-induced breakdown spectroscopy studies for the identification of plastics;Junjuri et al., 2019;Journal of Analytical Atomic Spectrometry;30.05.2019;2019;Polymers;Polymers;5;polyethylene terephthalate (PET), high density polyethylene (HDPE), low density polyethylene (LDPE), polypropylene (PP), polystyrene (PS);NormIS (C: 247.85 nm);domain knowledge;Features:  10 PeakInt (C, H, N, O, Ti, Mg, Na, K, NH, CN, C2);PCA, ANN;ANN;MLP (10, 15, 5);accuracy: 99%;-;Matlab
Rapid classification of plastic bottles by laser-induced breakdown spectroscopy (LIBS) coupled with partial least squares discrimination analysis based on spectral windows (SW-PLS-DA);Liu et al., 2019;Journal of Analytical Atomic Spectrometry;18.06.2019;2019;Polymers;Polymers;3;polyethylene terephthalate (PET), high density polyethylene (HDPE), polypropylene (PP);WT;-;Features:  3857 RawInt (200-940 nm);PLS-DA;PLS-DA;SW-PLS-DA;accuracy: 94%;-;Matlab
Identification of post-consumer plastics using laser-induced breakdown spectroscopy;Junjuri et al., 2019;Polymer Testing;01.07.2019;2019;Polymers;Polymers;10;"low-density polyethylene
 (LDPE), high-density polyethylene
 (HDPE), polyethylene terephthalate
 (PET), polypropylene (PP), polypropylene co-polymer (PPCP), high impact polystyrene (HIP), polystyrene (PS), SIHET, acrylonitrile butadiene styrene (ABS), polycarbonate (PC)";-;domain knowledge;Features:  PeakInt (200-1000 nm);Ratios, PLS-DA;PLS-DA;PLS-DA;accuracy: 93%;-;Matlab
Classification of sedimentary and igneous rocks by laser induced breakdown spectroscopy and nanoparticle-enhanced laser induced breakdown spectroscopy combined with principal component analysis and graph theory;El-Saeid et al., 2019;Spectrochimica Acta Part B: Atomic Spectroscopy;01.08.2019;2019;Geological samples;Rocks;6;" granite, leucogranite, dolerite (igneous); siltstone, magnetite, malachite (sedimentary)";-;-;LIBS spectrum:  RawInt (200-950 nm);PCA, Graph Theory;Graph Theory;Graph Theory;accuracy: 99%;-;?
Novel LIBS method for micro-spatial chemical analysis of inorganic gunshot residues;Menking-Hoggatt et al., 2019;Journal of Chemometrics;09.12.2019;2019;Forensics/Explosives;Gunshot residuals;2;shooters, non-shooters;-;domain knowledge;Features:  5 SNRatio (Sb, Cu, Pb, Al, Ba);LRM, NM, ANN;ANN;MLP (5, 3, 2);: %;-;R Studio
Four-metal-element quantitative analysis and pollution source discrimination in atmospheric sedimentation by laser-induced breakdown spectroscopy (LIBS) coupled with machine learning;Zhang et al., 2020;Journal of Analytical Atomic Spectrometry;17.12.2019;2019;Biological/Life Science;Pollution Sources;2;residential, transit;WT;-;Features:  (70-750 nm);RF, LSSVM ;SVM;LSSVM (RBF kernel) ;accuracy: 99%;-;?
Laser-based classification of olive oils assisted by machine learning;Gazeli et al., 2020;Food Chemistry;01.01.2020;2020;Foodstuff;Olive Oils;8;different region-acidity combinations: NR-0.41, NR-1.00, ER-0.42, WR-0.48, SR-0.55, SR-9.42, CR-0.62, CR-1.69;-;PCA;Features:  10 PCs (200-1100 nm);PCA, LDA, SVM, RF;SVM;SVM (linear kernel);accuracy: 92%;-;Python (sklearn)
Laser-induced breakdown spectroscopy assisted by machine learning for olive oils classification: The effect of the experimental parameters;Bellou et al., 2020;Spectrochimica Acta Part B: Atomic Spectroscopy;01.01.2020;2020;Foodstuff;Olive Oils;8;"non-adulterated: E1, E2, E3, E4; E4 adulterated with pomace oil: E5 (10% v/v), E6 (20% v/v), E7 (30% v/v), E8 (50% v/v), E9(70% v/v), E10 (100% v/v)";-;PCA;Features:  150 PCs (200-1100 nm);PCA, LDA;LDA;LDA;accuracy: 100%;-;Python (sklearn)
Benchmark classification dataset for laser-induced breakdown spectroscopy;Képeš et al., 2020;Scientific Data;13.02.2020;2020;Soil;Soil;12;U ore, Zn-Pb-Ag sulfide ore, Ni-Cu-PGE , Sn ore, Ni-Cu ore, Au-Cu ore, Mn ore, Gold oxide ore, Zinc sulfide ore, Hematite ore, Anomalous ferruginous soil, Silver copper gold ore, Skarn tungsten magnetite;-;-;-;-;-;-;-;-;-
Rapid discrimination of Salvia miltiorrhiza according to their geographical regions by laser induced breakdown spectroscopy (LIBS) and particle swarm optimization-kernel extreme learning machine (PSO-KELM);Liang et al., 2020;Chemometrics and Intelligent Laboratory Systems;15.02.2020;2020;Biological/Life Science;Plant;6;Shandong, Shannxi, Shanxi, Henan, Sichuan, Gansu;-;PSO;Features:  2001 RawInt (200-500 nm);PCA, PSO-KELM;KELM;PSO-KELM ;accuracy: 95%;-;Matlab
Spatially resolved polymer classification using laser induced breakdown spectroscopy (LIBS) and multivariate statistics;Brunnbauer et al., 2020;Talanta;01.03.2020;2020;Polymers;Polymers;5;polyethylene (PE), polyacrylate (PAK),  polyvinylchloride (PVC), acrylonitrile butadiene styrene (ABS), polylactic acid (PLA);BckgCorr;domain knowledge;Features:  8 PeakAreas (C, CN, C2, H, O);PCA, kmeans;exploratory study;exploratory study;exploratory study;-;Epina ImageLab
Application of Scikit and Keras Libraries for the Classification of Iron Ore Data Acquired by Laser-Induced Breakdown Spectroscopy (LIBS);Yang et al., 2020;Sensors;04.03.2020;2020;Geological samples;Iron Ores;10;magnetite, cobalt-bearing magnetite, hematite, oolitic hematite, mica hematite, maghemite, pyrite, pyrrhotine, siderite, limonite;-;PCA;Features:  10 PCs (190-950 nm);PCA, KNN, SVM, NN;SVM;SVM (? kernel);accuracy: 94%;-;Python (Keras)
Multivariate analysis and laser-induced breakdown spectroscopy (LIBS): a new approach for the spatially resolved classification of modern art materials;Pagnin et al., 2020;Analytical and Bioanalytical Chemistry;14.03.2020;2020;Polymers;Polymers;3;modern contemporary materials;BckgCorr;domain knowledge;Features:  8 PeakAreas (C, C2, H, O, Ti, Al, Na, Si, Cd, S, Co, Fe, Cr, O, Mn);PCA, RF;;;;-;?
Fast Classification of Geographical Origins of Honey Based on Laser-Induced Breakdown Spectroscopy and Multivariate Analysis;Zhao et al., 2020;Sensors;28.03.2020;2020;Foodstuff;Honey;6;"Shaanxi, Shanxi, Jilin (acacia honey); multi-floral honey (Shanxi, Qinghai, Hubei)";-;PCA;Features:  PCs (200-1000 nm);SVM, LDA;SVM;SVM (? kernel);accuracy: 99%;-;Matlab
Convolutional neural network as a novel classification approach for laser-induced breakdown spectroscopy applications in lithological recognition;Chen et al., 2020;Spectrochimica Acta Part B: Atomic Spectroscopy;01.04.2020;2020;Geological samples;Rocks;5;dolomites, granites, limestones, mudstones, shales;NormMinMax;-;LIBS spectrum:  6144 RawInt (180-8000 nm);CNN, KNN, PCA, SVM, PLS-DA;ANN;2D CNN (2 convolutional blocks, 4 channels, fully connected);accuracy: 100%;-;Python (Keras)
Tea geographical origin explained by LIBS elemental profile combined to isotopic information;Baskali-Bouregaa et al., 2020;Talanta;01.05.2020;2020;Foodstuff;Tea;13;Mongolia, Zhejian/China, Jiangsu/China, Shandong/China, Hubei/China, Fujian/China, Anhui/China, Ceylon/Sri Lanka, Darjiling/India, unknown;NormArea;?;?;PCA, PLS-DA;PCA;PCA;accuracy: 100%;-;SIMCA Umetric, XLStat
Olive oils classification via laser-induced breakdown spectroscopy;Gyftokostas et al., 2020;Applied Sciences;17.05.2020;2020;Foodstuff;Olive Oils;4;Chania, Rethymnon, Heraklion, Lasithi;-;PCA;Features:  30 PCs (200-1100 nm);PCA, LDA, kNN, SVM;LDA;LDA;accuracy: 94%;-;Python (Scikit-learn)
LIBS analysis of the ash content, volatile matter, and calorific value in coal by partial least squares regression based on ash classification;Zhang et al., 2020;Journal of Analytical Atomic Spectrometry;10.06.2020;2020;Geological samples;Coal;3;ash content: 1-30 %, 31-72%, 73-101%;BckgCorr,  NormMinMax;GA;Features:  269 RawInt (185-1070 nm);GA, SVM, PLS;SVM;GA-SVM (RBF kernel);-;accuracy: 95%;Matlab
Soft classification scheme with pre-cluster-based regression for identification of same-base alloys using laser-induced breakdown spectroscopy;Kim et al., 2020;Chemometrics and Intelligent Laboratory Systems;15.08.2020;2020;Materials;Alloys;different (soft same-base alloy classification);aluminum, brass, copper, steel, stainless-steel alloys;-;-;LIBS spectrum:  12272 RawInt (187-1045 nm);PCBR;PCBR;PCBR;-;-;?
Laser induced breakdown spectroscopy for elemental analysis and discrimination of honey samples;Stefas et al., 2020;Spectrochimica Acta Part B: Atomic Spectroscopy;01.10.2020;2020;Foodstuff;Honey;10;almond, carob, fir, flower and forest, flower and pine, flower, forest, lavender, orange, forest;-;PCA;Features:  PCs (200-1000 nm);PCA, LDA, SVM, RF;LDA;LDA;accuracy: 99%;-;Python (Scikit-learn)
Diagnosis of alzheimer's disease using laser-induced breakdown spectroscopy and machine learning;Gaudiuso et al., 2020;Spectrochimica Acta Part B: Atomic Spectroscopy;01.11.2020;2020;Biological/Life Science;Alzheimer's disease (AD);2;liquid biopsy: Alzheimer patients, healthy patients;NormArea;-;LIBS spectrum: DiffSpec (200-900 nm);QDA;QDA;QDA;-;accuracy: 80%, specificity: 75%, sensitivity: 85%;Python (Scikit-learn)
A novel hybrid filter/wrapper method for feature selection in archaeological ceramics classification by laser-induced breakdown spectroscopy;Ruan et al., 2020;Analyst;23.11.2020;2020;Materials;Ceramics;6;dynasties: Tang, Song, Jin, Yuan, Qing, Republic of China;WT;filter (MI), wrapper (DBS);Features:  18 (220-720 nm);RF;RF;RF (300  trees);accuracy: 99%;-;Matlab
A modified genetic algorithm optimized SVM for rapid classification of tea leaves using laser-induced breakdown spectroscopy;Yao et al., 2020;Journal of Analytical Atomic Spectrometry;09.12.2020;2020;Foodstuff;Tea;5;Tie Guanyin (TG), Ninghong Gongfu black tea (NG), Pu'er tea (PE), Dengcun Green tea (DG), Biluochun Tea (BT);NormIS (C: 247.86 nm);GA;Features:  IntRatios (Mg/C, Mn/C, CN/C, Ca/C, Al/C, Ca/C, C2/C, Fe/C, K/C);SVM, GA, PCA;SVM;GA-SVM (RBF kernel);accuracy: 99%;-;?
Data fusion of laser induced breakdown spectroscopy (LIBS) and infrared spectroscopy (IR) coupled with random forest (RF) for the classification and discrimination of compound salvia miltiorrhiza;Liang et al., 2020;Chemometrics and Intelligent Laboratory Systems;15.12.2020;2020;Biological/Life Science;Plant;3;salvia miltiorrhiza: Yunnan Baiyao, Guangzhou Baiyunshan, Guangdong Yili ;-;VIRF;LIBS-IR:  RawInt (200-500 nm);RF;RF;RF (? trees);accuracy: 97%;-;Matlab
Alternative selection of Raman or LIBS spectral information in hierarchical discrimination of raw sapphires according to geographical origin for accuracy improvement;Eum et al., 2021;Talanta;01.01.2021;2021;Geological samples;Sapphires;5;origin: Mozambique, Laos, Australia, Rwanda, Congo;NormArea;algorithmic peak extraction;LIBS:  735 RawInt (185-1048 nm);PCA, SVM;SVM;H-SVM (sequential LIBS and Raman discrimination steps);accuracy: 90.6%;-;R Studio
Application of laser-induced breakdown spectroscopy and neural networks on archaeological human bones for the discrimination of distinct individuals;Siozos et al., 2021;"
Journal of Archaeological Science: Reports";01.02.2021;2021;Biological/Life Science;Bones;5;5 different skeletons;NormSNV;domain knowledge;LIBS subregions:  157 RawInt (P, Ca, Mg, Na, Sr, Ba);PCA, NN;ANN;MLP (157, 10, 5);accuracy: 91%;-;R Studio
Classification of 13 original rock samples by laser induced breakdown spectroscopy;Wang et al., 2021;Laser Physics;18.02.2021;2021;Geological samples;Rock;13;oxide, silicate, borate, carbonate, organic compounds;-;PCA;Features:  650 PCs (200-975 nm);PCA, RF, SVM, LDA;SVM;SVM (linear kernel);accuracy: 100%;-;?
Classification of minerals and the assessment of lithium and beryllium content in granitoid rocks by laser-induced breakdown spectroscopy;Janovszky et al., 2021;"
Journal of Archaeological Science: Reports";19.03.2021;2021;Geological samples;Minerals;4;quartz, feldspar, biotite, amphibole;-;-;LIBS spectrum:  12288 RawInt (190-1040 nm);RF, LDA, Simplex;RF;RF (100 trees);accuracy: 92%;-;ImageLab, R Studio
Origin identification of Ginkgo biloba leaves based on laser-induced breakdown spectroscopy (LIBS);Zhang et al., 2021;Spectrochimica Acta Part B: Atomic Spectroscopy;01.06.2021;2021;Biological/Life Science;Plant;8;Ginkgo biloba leaves: Railway Station Park, North Fengcheng Road,  Xi'an Expo Park,  Changle Park,  Hongguang Park,  Dayan Pagoda,  Xi'an Botanical Garden, Shaanxi Normal University;-;PCA;Features:  30 PCs (220-880 nm);PCA, LDA, SVM;LDA;LDA;accuracy: 96%;-;Matlab
Discrimination of automotive glass by conjoint Raman and laser-induced breakdown spectroscopy and multivariate data analysis;Merk et al., 2021;Spectrochimica Acta Part B: Atomic Spectroscopy;01.06.2021;2021;Forensics/Explosives;Glass;16;car windows (15 classes), bus stop light (1 class);NormSNV;-;LIBS spectrum:  RawInt (200-680 nm);PCA;PCA;PCA + Mahalanobis distance;discrimination: 99%;-;Matlab
Classification of ginseng according to plant species, geographical origin, and age using laser-induced breakdown spectroscopy and hyperspectral imaging;Zhao et al., 2021;"
Journal of Archaeological Science: Reports";09.06.2021;2021;Biological/Life Science;Plant;4;Ginseng: Chinese, Korean, Japanese, American;BckgCorr;algorithmic peak extraction;Features:  193 PeakAreas (187-979 nm);PCA, PLS-DA;PLS-DA;PLS-DA;-;-;Matlab
Interpretable deep learning-assisted laser-induced breakdown spectroscopy for brand classification of iron ores;Zhao et al., 2021;Analytica Chimica Acta;29.06.2021;2021;Geological samples;Iron Ores;16;different mines in Australia (11 classes), South Africa (3 classes), Brazil: (2 classes);-;-;LIBS spectrum:  12814 RawInt (190-950 nm);CNN;ANN;2D-CNN (input, C1 map: convolution layer, P2: pooling, F3 layer: flattening, F4: full connection layer, output);accuracy: 99%;-;Python (Keras)
Classification of plastics using laser-induced breakdown spectroscopy combined with principal component analysis and K nearest neighbor algorithm;Yan et al., 2021;Results in Optics;01.08.2021;2021;Polymers;Polymers;12;acrylonitrile butadiene styrene (PBS),  polyamide (PA), polycarbonate (PC),  polyethylene (PE), polymethyl methacrylate (PMMA), polyformaldehyde (POM), polypropylene (PP), polystyrene (PS),  poly tetrafluoroethylene (PTFE),  polyurethane (PU), polyvinyl chloride (PVC);-;PCA;Features:  20 PCs (200-980 nm);PCA, KNN;KNN;KNN (? neighbors);accuracy: 99%;-;Matlab
Identification of 20 polymer types by means of laser-induced breakdown spectroscopy (LIBS) and chemometrics;Gajarska et al., 2021;Analytical and Bioanalytical Chemistry;30.08.2021;2021;Polymers;Polymers;20;acrylonitrile-butadiene-styrene (ABS), polystyrene (PS), ethylene-vinyl acetate (EVAc), ethylene-vinyl alcohol (EvOH), polyamide (PA),  polyacrylonitrile (PAN), poly(butylene terephthalate) (PBT), polycarbonate (PC), polyethylene (PE), polyetheretherketone (PEEK), poly(ethylene terephtalate) (PET), polyimide (PI), poly(methyl methacrylate) (PMMA), polyoxymethylene (POM), polypropylene (PU), poly(phenylene sulfone) (PPSU), polysulfone (PSU), polyurethane (PU), polyvinyl chloride (PVC), silicone polymer (Sil);BckgCorr,  Norm;domain knowledge;Features:  10 PeakAreas (C, CN, C2, H, O, Cl, Si);PCA, RF, KNN, HCA;exploratory study;exploratory study;exploratory study;-;Epina ImageLab
Front-end signal processing for metal scrap classification using online measurements based on laser-induced breakdown spectroscopy;Kim et al., 2021;Spectrochimica Acta Part B: Atomic Spectroscopy;01.10.2021;2021;Materials;Materials;5;aluminum, copper, stainless steel, lead, zinc;BckgCorr,  NormRMSE;domain knowledge;Features:  15 PeakInt (Al, Cu, Cr, Pb, Zn);PLS-DA, SVM, ANN, DNN;PLS-DA, SVM, ANN, DNN;PLS-DA, SVM, ANN, DNN;-;accuracy: 99%;?
Classification of coal deposited epoxy micro-nanocomposites by adopting machine learning techniques to LIBS analysis;Jayaganthan et al., 2021;Journal of Physics Communications;07.10.2021;2021;Polymers;Materials;4;4 coal types deposited on epoxy micro-nanocomposite;-;-;LIBS spectrum:  2048 RawInt (200-800 nm);KNN, LRM, LRM, SVM;LRM;LRM;accuracy: 99%;-;Python (Scikit-learn)
Rapid classification of soils from different mining areas by laser-induced breakdown spectroscopy (LIBS) coupled with a PCA-based convolutional neural network;Hao et al., 2021;"
Journal of Archaeological Science: Reports";12.10.2021;2021;Soil;Soil;10;"10 regions: Tongling, Anhui;  Kaiyuan, Liaoning; Dexing, Jiangxi; Yichun, Heilongjiang; Baiyun Obo;  Laizhou, Shandong; Qibaoshan, Hunan; Yangchun, Guangdong; Xuwen, Guangdong; Luochuan, Shaanxi";NormSNV;PCA;Features:  324 PCs (190-950 nm);PCA, CNN, ANN, SVM, RF, KNN;ANN;2D-CNN;accuracy: 99%;-;?
Analysis and Classification of Heterogeneous Kidney Stones Using Laser-Induced Breakdown Spectroscopy (LIBS);Oztoprak et al., 2012;Applied Spectroscopy;01.11.2012;2012;Biological/Life Science;Kidney Stone;5;whewellite + hydroxyapatite, whewellite + uric acid, whewellite + wheddelite, uric acid, whewellite + wheddelite + hydroxyapatite;-;-;LIBS spectrum:  RawInt (200-900 nm);PCA, PLS-DA;PLS-DA;PLS-DA;accuracy: 98%;-;LIBS GDT
Simultaneous determination of lithology and major elements in rocks using laser-induced breakdown spectroscopy (LIBS) coupled with a deep convolutional neural network;Chen et al., 2022;"
Journal of Archaeological Science: Reports";20.01.2022;2022;Geological samples;Rocks;6;dolomites, igneous rocks, clay rocks, gypsum rocks, limestones, sandstones;NormArea;-;LIBS spectrum:  6114 RawInt (180-790 nm);CNN, PLS-DA, SVM, KNN;ANN;2D-CNN (input, 1 batch normalization layer, 2 convolutional layers, 2 maxpooling layers, 1 flatten layer, 2 dropout layers, 3 dense layers);-;accuracy: 99%;Python (Keras)
Mineral classification of lithium-bearing pegmatites based on laser-induced breakdown spectroscopy: Application of semi-supervised learning to detect known minerals and unknown material;Müller et al., 2022;Spectrochimica Acta Part B: Atomic Spectroscopy;01.03.2022;2022;Geological samples;Minerals;5;albite, K-feldspar, quartz, muscovite, spodumene;NormMaxInt;algorithmic peak extraction;Features:  14 PeakAreas (Al, K, Li, Mg, Na, Si, Be, Ca, Nb, P, Zn, Fe, Mn, Ti);LDA, SVM;;;-;-;R Studio
Rapid discrimination of authenticity in wheat flour and pasta samples using LIBS;Sezer et al., 2022;Journal of Cereal Science;01.03.2022;2022;Foodstuff;Flour, Pasta;2;common wheat, durum wheat;FirstDerivative, NormSNV;-;LIBS spectrum:  RawInt (188-900 nm);PLS-DA;PLS-DA;PLS-DA;accuracy: 98%;-;PLS_Toolbox
Identification of meat species in processed meat products by using protein based laser induced breakdown spectroscopy assay;Sezer et al., 2022;Food Chemistry;15.03.2022;2022;Foodstuff;Meat;3;beef, chicken, pork;-;-;LIBS spectrum:  RawInt (186-900 nm);PCA;PCA;PCA;-;-;PLS_Toolbox
Identification of adulterated milk powder based on convolutional neural network and laser-induced breakdown spectroscopy;Huang et al., 2022;Microchemical Journal;01.05.2022;2022;Foodstuff;Milk powder;5;pure milk powder, milk powder + peanut protein, milk powder + egg white, milk powder + rice hydrolyzed protein, milk powder + soy protein isolate;-;-;Data matrix:  240x100  (196-874 nm);CNN, LDA, KNN, RF, SVM;ANN;2D-CNN;accuracy: 98%;-;?
A novel PCA-based calibration algorithm for classification of challenging laser-induced breakdown spectroscopy soil sample data;Huang et al., 2022;Spectrochimica Acta Part B: Atomic Spectroscopy;01.07.2022;2022;Soil;Soil;12;U ore, Zn-Pb-Ag sulfide ore, Ni-Cu-PGE , Sn ore, Ni-Cu ore, Au-Cu ore, Mn ore, Gold oxide ore, Zinc sulfide ore, Hematite ore, Anomalous ferruginous soil, Silver copper gold ore, Skarn tungsten magnetite;-;-;Data matrix:  240x100  (200-1000 nm);PCA, CNN, SVM;ANN;2D-CNN;accuracy: %;-;?
Identification of meat species by combined laser-induced breakdown and Raman spectroscopies;Sun et al., 2022;Spectrochimica Acta Part B: Atomic Spectroscopy;01.08.2022;2022;Foodstuff;Meat;3;beef, mutton, pork;WT, NormMinMax;VIRF;LIBS-Raman:  4 PeakInts (PeakInt: K, Ca, Na, Ca);BPNN;ANN;BPNN;;: %;?
